id,first_name,last_name,email,city,film
1,Tony,MacGinlay,tmacginlay0@furl.net,Zhonglong,"American Carol, An"
2,Natala,Keeri,nkeeri1@cmu.edu,Kinsale,"Incredible Mr. Limpet, The"
3,Gail,Benneyworth,gbenneyworth2@fda.gov,Kertahayu,Skin Game
4,Raynell,Stigger,rstigger3@newyorker.com,Stockholm,"Fire Within, The (Feu follet, Le)"
5,Monah,Golby,mgolby4@bloglovin.com,Sukamaju,Once in a Lifetime: The Extraordinary Story of the New York Cosmos
6,Jonell,Rowntree,jrowntree5@scribd.com,Youxi,Shocker
7,Daven,Spottiswoode,dspottiswoode6@so-net.ne.jp,Marina,Adam's Rib
8,Maudie,Karlsson,mkarlsson7@vinaora.com,Nangtang,Armless
9,Kellie,Debenham,kdebenham8@nhs.uk,San Rafael,Azur & Asmar (Azur et Asmar)
10,Ange,Cawcutt,acawcutt9@psu.edu,Xishaqiao,Coonskin
11,Stavro,Trunchion,strunchiona@wisc.edu,Nuku‘alofa,Tyler Perry's Diary of a Mad Black Woman
12,Tonye,Bim,tbimb@addtoany.com,Gondar,Running Scared
13,Afton,Ketcher,aketcherc@tripadvisor.com,Maple Plain,Failure to Launch
14,Merralee,Hendrik,mhendrikd@epa.gov,Jiaoshanhe,"Hi, Mom!"
15,Renault,Falvey,rfalveye@prweb.com,San Antonio del Monte,Deja Vu
16,Millicent,Rodman,mrodmanf@eventbrite.com,Lajaluhur,Ultraviolet
17,Lori,Southey,lsoutheyg@businesswire.com,Wysoka Strzyżowska,They All Laughed
18,Worth,Brownsea,wbrownseah@webmd.com,Xinjian,Trouble in Paradise
19,Herby,Mayhew,hmayhewi@si.edu,Daxindian,"Holy Girl, The (Niña santa, La)"
20,Dale,Rieger,driegerj@ebay.com,Nantian,"Judgement in Stone, A (Cérémonie, La)"
21,Dare,Joutapavicius,djoutapaviciusk@dropbox.com,Jiaoyuan,The Wrecking Crew
22,Cort,Mattholie,cmattholiel@wufoo.com,Ozubulu,Everything Is Illuminated
23,Howey,Doctor,hdoctorm@indiatimes.com,Domašinec,Sicily! (Sicilia!)
24,Peyton,Levens,plevensn@github.com,Wanganui,Laila
25,Elspeth,Molineux,emolineuxo@youtube.com,Yangjia,The Incident
26,Parke,Fairchild,pfairchildp@so-net.ne.jp,Shijiang,Opening Night
27,Meyer,Bednall,mbednallq@ed.gov,Alençon,Comanche Moon
28,Loreen,Babbe,lbabber@google.com.hk,Kónitsa,Mala Noche
29,Moina,De Domenici,mdedomenicis@shareasale.com,Lianshan,Embracing
30,Nessie,Faiers,nfaierst@cdc.gov,Binglincha,On the Beach
31,Kary,Lambell,klambellu@xinhuanet.com,Markham,Wall Street
32,Ches,Eadie,ceadiev@wordpress.com,Huasahuasi,"Tough Guise: Violence, Media & the Crisis in Masculinity"
33,Row,Jeandillou,rjeandillouw@nifty.com,Perpignan,"Proud and the Beautiful, The (Orgueilleux, Les) (Proud Ones, The)"
34,Alf,Ruegg,arueggx@yale.edu,Dordrecht,"Laughing Policeman, The"
35,Arch,Lambe,alambey@a8.net,Dobczyce,Project X
36,Josee,Mote,jmotez@altervista.org,Custódia,Evergreen
37,Sibylle,Blain,sblain10@unc.edu,Meixi,Island in the Sun
38,Martguerita,Linden,mlinden11@whitehouse.gov,Zhongzi,"Invincible Iron Man, The"
39,Brandie,Lillee,blillee12@goo.ne.jp,Stockholm,Black Dawn
40,Shelby,Bullen,sbullen13@oakley.com,Mileb,"Farewell, Home Sweet Home (Adieu, plancher des vaches!)"
41,Cinda,Walesby,cwalesby14@cyberchimps.com,Mokotów,Holy Man
42,Sergei,Clarke-Williams,sclarkewilliams15@ed.gov,Surazh,Boxing Gym
43,Carlie,Mardee,cmardee16@imageshack.us,Lokoja,Ed's Next Move
44,Hannis,Ashbridge,hashbridge17@princeton.edu,Kedungbacin,Miracle Run
45,Maxim,Slack,mslack18@unblog.fr,Padina,"Boys in Company C, The"
46,Alanah,Ghelerdini,aghelerdini19@cbsnews.com,Palilula,Night Flight
47,Jody,Bowcock,jbowcock1a@storify.com,Zhaxirabdain,Boys Life 4: Four Play
48,Lonnie,Mille,lmille1b@netlog.com,Ponte,"Wolf of Wall Street, The"
49,Ramona,Rafferty,rrafferty1c@ftc.gov,Coaraci,"Final Cut, The"
50,Adelice,Hargrave,ahargrave1d@4shared.com,Qingkenpao,"Last Truck: Closing of a GM Plant, The"
51,Gualterio,Hinstock,ghinstock1e@time.com,Güines,Ghost Dog: The Way of the Samurai
52,Adan,Tenman,atenman1f@kickstarter.com,Poja,Ladybird Ladybird
53,Kyle,Bulfoot,kbulfoot1g@harvard.edu,Nantes,Little Murders
54,Tim,Learoid,tlearoid1h@xrea.com,Jūrīsh,Flowers of Shanghai (Hai shang hua)
55,Reamonn,Parslow,rparslow1i@theglobeandmail.com,Port Saint Lucie,Phat Girlz
56,Maribeth,Stoffels,mstoffels1j@linkedin.com,Paso de Indios,Night Falls on Manhattan
57,Lauralee,Silson,lsilson1k@timesonline.co.uk,København,Les hautes solitudes
58,Amitie,Goody,agoody1l@biglobe.ne.jp,Pag-asa,Cloverfield
59,Marji,Esson,messon1m@hostgator.com,Bobojong,"Concorde: Airport '79, The"
60,Gordan,Agneau,gagneau1n@theatlantic.com,Chunjing,Holiday for Drumsticks
61,Dick,Goby,dgoby1o@cargocollective.com,Monjas,Air America
62,Aigneis,Laytham,alaytham1p@people.com.cn,Helsingborg,Japon (a.k.a. Japan) (Japón)
63,Archer,Maciaszek,amaciaszek1q@techcrunch.com,Yihe,Dr. Jekyll and Mr. Hyde
64,Merridie,Penhall,mpenhall1r@wired.com,Pont-Rouge,Family United (La gran familia española)
65,Bobine,Sigmund,bsigmund1s@intel.com,Munjul,My Little Business (Ma petite entreprise)
66,Janaye,Stubley,jstubley1t@booking.com,Huxiaoqiao,Liliom
67,Rosette,Ledwidge,rledwidge1u@foxnews.com,Tatarka,Wanda Nevada
68,Bancroft,Sperring,bsperring1v@diigo.com,Zhelin,Ragnarok
69,Nils,Gemlett,ngemlett1w@bluehost.com,Pamplona,Storage
70,Aaren,Frowd,afrowd1x@nsw.gov.au,Yeniköy,"Clonus Horror, The"
71,Araldo,Rottery,arottery1y@biglobe.ne.jp,Petrolina,Get on the Bus
72,Prentice,Poker,ppoker1z@printfriendly.com,Si Somdet,"Road, The"
73,Brynn,Tottie,btottie20@merriam-webster.com,Bāgh-e Maīdān,Nothing
74,Tish,Bamb,tbamb21@techcrunch.com,Bugana,Burma VJ: Reporting from a Closed Country (Burma VJ: Reporter i et lukket land)
75,Ruddy,Ary,rary22@aboutads.info,Gordon Town,King Solomon's Mines
76,Kaiser,Goodliffe,kgoodliffe23@umich.edu,Metsavan,Eat Sleep Die (Äta sova dö)
77,Clementia,Earney,cearney24@kickstarter.com,Jingling,Crazy Stone (Fengkuang de shitou)
78,Hashim,MacRonald,hmacronald25@google.fr,Asembagus,Spawn
79,Domini,Haldin,dhaldin26@nhs.uk,Samal,Wall Street: Money Never Sleeps
80,Heath,Lammiman,hlammiman27@alibaba.com,Milwaukee,Aliens
81,Leonanie,Jurkowski,ljurkowski28@nifty.com,Tsaghkaber,Those Daring Young Men in Their Jaunty Jalopies
82,Blair,Gauch,bgauch29@addtoany.com,Gominhães,Wind Chill
83,Thea,Lias,tlias2a@google.co.uk,Dimayon,The Tomb
84,Skylar,Gatrill,sgatrill2b@sun.com,Bakersfield,"Time of the Wolf, The (Le temps du loup)"
85,Biddy,Reicharz,breicharz2c@ucoz.com,Chechen-Aul,If You Don't Stop It... You'll Go Blind!!!
86,Jammie,Breitler,jbreitler2d@wisc.edu,Candi,And Starring Pancho Villa as Himself
87,Daphne,Corson,dcorson2e@paypal.com,Tauranga,300 Miles to Heaven (300 Mil do Nieba)
88,Dix,Wittleton,dwittleton2f@yolasite.com,Värnamo,Cargo
89,Margette,Sein,msein2g@accuweather.com,Ourovéni,Saw
90,Jordain,Besset,jbesset2h@godaddy.com,Alfenas,Threesome
91,Percival,Besson,pbesson2i@seattletimes.com,Batakte,Keith
92,Sawyer,Sloy,ssloy2j@cbc.ca,San Lucas,Lips of Blood (Lèvres de sang)
93,Elbertina,Addams,eaddams2k@ezinearticles.com,Hamburg Sankt Pauli,Rebecca of Sunnybrook Farm
94,Devina,Obbard,dobbard2l@ibm.com,Maslovka,Perrier's Bounty
95,Claudelle,Blamire,cblamire2m@123-reg.co.uk,Viseu,7 Dollars on the Red (Sette dollari sul rosso)
96,Martino,Leaman,mleaman2n@slate.com,Sembungan Kidul,Flame of Barbary Coast
97,Roley,Reinhart,rreinhart2o@163.com,Cikupa,The Forgotten Faces
98,Jerry,Baddoe,jbaddoe2p@skyrock.com,Monastyrshchina,No
99,Paddie,Senecaux,psenecaux2q@etsy.com,Faeanak Dua,"Green Berets, The"
100,Hermy,Van Merwe,hvanmerwe2r@sohu.com,Shajing,Quartier Mozart
101,Lilla,McComiskey,lmccomiskey2s@123-reg.co.uk,Bluri,Film ist. 7-12
102,Colly,Korbmaker,ckorbmaker2t@cdc.gov,Bomadi,Bar Girls
103,Gray,Mc Kellen,gmckellen2u@dailymotion.com,Nassarawa,13
104,Celina,Morl,cmorl2v@usnews.com,Aksu,Bloodsuckers
105,Tansy,Chelnam,tchelnam2w@newsvine.com,Daqiao,Yrrol: An Enormously Well Thought Out Movie (Yrrol - en kolossalt genomtänkt film)
106,Jerrine,Byass,jbyass2x@qq.com,Le Cannet,Magicians
107,Kylie,Lattie,klattie2y@networksolutions.com,Dashi,Force Majeure (Turist)
108,Caritta,Larciere,clarciere2z@jalbum.net,Tomakivka,"Five Minarets in New York (Act of Vengeance) (Terrorist, The)"
109,Janith,Brunelli,jbrunelli30@csmonitor.com,Cigintung,Taxi
110,Dore,Tynan,dtynan31@last.fm,Orangeville,Jarhead 2: Field of Fire
111,Aurthur,Drohane,adrohane32@boston.com,Selenicë,Who Wants to Kill Jessie? (Kdo chce zabít Jessii?)
112,Giff,Cowper,gcowper33@tamu.edu,Mulandoro,With Honors
113,Conan,Montacute,cmontacute34@canalblog.com,Neofbaun,"Last King of Scotland, The"
114,Dale,Medlin,dmedlin35@naver.com,Chang Klang,Take This Job and Shove It
115,Sholom,Gallgher,sgallgher36@lycos.com,Gongping,Nemesis 2: Nebula
116,Nedi,Rawe,nrawe37@usda.gov,Sobreiro,"Double, The"
117,Kale,Bonhomme,kbonhomme38@mozilla.com,Dalong,Earthsea (Legend of Earthsea)
118,Rebeca,Tee,rtee39@wufoo.com,Karanganyarkrajan,Rugrats Go Wild!
119,Lenka,Tremoulet,ltremoulet3a@bloomberg.com,Impalutao,Harakiri (Seppuku)
120,Flin,Ivanishin,fivanishin3b@eventbrite.com,Dargaz,Dark Passage
121,Forster,Beig,fbeig3c@archive.org,Khok Charoen,Becoming Chaz
122,Bernadene,Archer,barcher3d@amazonaws.com,Cúa,"Danube Exodus, The"
123,Alfie,Brentnall,abrentnall3e@multiply.com,Qiaozhen,Oh My God
124,Maudie,Barkway,mbarkway3f@reuters.com,Nangang,Bats
125,Arabele,Manclark,amanclark3g@dailymotion.com,Monkey Hill,Cool It
126,Lindon,Johansson,ljohansson3h@stanford.edu,Saratak,Liliom
127,Geri,Heiner,gheiner3i@theguardian.com,Sankt Lorenzen im Mürztal,Triumph of the Spirit
128,Barrett,Gristock,bgristock3j@cpanel.net,Cengang,I Spit on Your Grave 2 
129,Jonis,Littlecote,jlittlecote3k@yahoo.com,Zhongcheng,"Autobiography of Miss Jane Pittman, The"
130,Joshua,Scolli,jscolli3l@illinois.edu,Kankan,Jack Strong
131,Barbra,Seeks,bseeks3m@over-blog.com,Krasna,"Sport, Sport, Sport"
132,Julianne,Chessman,jchessman3n@icio.us,Mizhhir’ya,Mr. Bug Goes to Town (a.k.a. Hoppity Goes to Town)
133,Alyce,Mercer,amercer3o@indiatimes.com,Tacarigua,Frantic
134,Dianne,Borris,dborris3p@trellian.com,Gempolan Wetan,"Island, The"
135,Clarine,Harmstone,charmstone3q@discovery.com,Fond du Sac,"Godzilla, Mothra, and King Ghidorah: Giant Monsters All-Out Attack (Gojira, Mosura, Kingu Gidorâ: Daikaijû sôkôgeki) (Godzilla, Mothra and King Ghidorah: Giant Monsters All-Out Attack)"
136,Margarete,Boobier,mboobier3r@parallels.com,Lanas,Undertaking Betty (Plots with a View)
137,Tamiko,Suett,tsuett3s@rediff.com,Tembol,Flow
138,Kirstyn,Mussington,kmussington3t@amazon.com,Santo Antônio do Içá,It's My Mother's Birthday Today
139,Aubry,Yorkston,ayorkston3u@seattletimes.com,Paghmān,Martha
140,Heinrick,Cockaday,hcockaday3v@techcrunch.com,Paratinga,Pavilion of Women
141,Kinnie,Blasdale,kblasdale3w@bravesites.com,Monywa,Texas Chainsaw 3D
142,Anetta,O'Lunny,aolunny3x@cmu.edu,Krásná Hora nad Vltavou,Chariots of Fire
143,Lou,Rumgay,lrumgay3y@pen.io,Anuradhapura,Humble Pie (American Fork)
144,Cristal,Schuck,cschuck3z@va.gov,La Rochelle,13
145,Rose,Barby,rbarby40@github.io,Palaiochóri,"Debut, The"
146,Bathsheba,Baptiste,bbaptiste41@printfriendly.com,Pombal,Basic Instinct
147,Tamas,Packe,tpacke42@jiathis.com,Prang Ku,Eastern Drift (Indigène d'Eurasie)
148,Allsun,Narbett,anarbett43@marriott.com,Wupu,Gilda
149,Holly,Duerdin,hduerdin44@mail.ru,Feteira Pequena,Exists
150,Trey,Shear,tshear45@creativecommons.org,Niaohe,Private Hell 36
151,Ina,Coule,icoule46@netvibes.com,Paita,Lovers & Leavers (Kuutamolla)
152,Araldo,Krystof,akrystof47@jalbum.net,Puerto de Nutrias,Galaxy Quest
153,Pearce,Kibble,pkibble48@chron.com,Cruzeiro do Oeste,Witch Way Love (Un amour de sorcière)
154,Celestine,Allard,callard49@rakuten.co.jp,Minsk,Talaash
155,Traver,Guilliatt,tguilliatt4a@washingtonpost.com,Guanyinge,From the Earth to the Moon
156,Lianne,Inchley,linchley4b@wufoo.com,Kulaman,Antisocial
157,Nannette,Harrowing,nharrowing4c@indiegogo.com,Vyatskiye Polyany,Rush
158,Averill,Stockton,astockton4d@yellowpages.com,La Rochelle,"Pure Formality, A (Pura formalità, Una)"
159,Adel,Harper,aharper4e@gravatar.com,Sobral,The Fat Albert Halloween Special
160,Brittany,Narducci,bnarducci4f@livejournal.com,Gò Quao,Reality
161,Domenico,O'Rudden,dorudden4g@skype.com,Kaélé,"My Mother's Castle (Château de ma mère, Le)"
162,Rog,Serman,rserman4h@com.com,Berezna,"Yes, But... (Oui, mais...)"
163,Kris,Trousdale,ktrousdale4i@msu.edu,Nankang,Black Dragons
164,Staffard,Swansbury,sswansbury4j@google.de,Tangping,Viva Villa!
165,Calv,Filson,cfilson4k@photobucket.com,Cigadog Hilir,Benny's Video
166,Xaviera,Ianittello,xianittello4l@cloudflare.com,Nyrob,The Raid: Redemption
167,Carlota,Kinvan,ckinvan4m@trellian.com,Markaz Bilād aţ Ţa‘ām,B.U.S.T.E.D (Everybody Loves Sunshine) (Busted)
168,Horton,Mosey,hmosey4n@domainmarket.com,Lingshan,I Am
169,Harmonie,Sedcole,hsedcole4o@amazon.de,Sudimanik,Face of a Fugitive
170,Rollins,McBrearty,rmcbrearty4p@t-online.de,Sanli,Battlestar Galactica: Blood & Chrome
171,Edin,Zecchi,ezecchi4q@omniture.com,Zaječar,"Other Guys, The"
172,Stanley,Fooks,sfooks4r@hubpages.com,Mafraq,Moby Dick
173,Hollie,Fowlds,hfowlds4s@studiopress.com,Dobra,Hadersfild (Huddersfield)
174,Amerigo,Sturges,asturges4t@ox.ac.uk,Pedra Azul,Remonstrance
175,Monica,Rabier,mrabier4u@theguardian.com,Las Terrenas,Buried Alive II
176,Raven,Carek,rcarek4v@desdev.cn,Sant Cugat Del Valles,The Living Idol
177,Cris,Bortoli,cbortoli4w@prweb.com,Mjölby,Who the #$&% is Jackson Pollock?
178,Elsi,Baughn,ebaughn4x@lulu.com,Nglengkir,Beauty and the Beast (Beauty and the Beasts: A Dark Tale)
179,Kathryn,Ambrodi,kambrodi4y@whitehouse.gov,Bang Klam,Rikyu
180,Lianna,Sarvar,lsarvar4z@thetimes.co.uk,San Isidro,Stacy's Knights
181,Terese,Mathis,tmathis50@4shared.com,Lindi,Lisa
182,Nicolis,Agiolfinger,nagiolfinger51@yale.edu,Kasungu,"Shop on Main Street, The (Obchod na korze)"
183,Kelli,Metheringham,kmetheringham52@kickstarter.com,Jacksonville,Lorna
184,Anneliese,Verrill,averrill53@github.io,"Brgy. Nalook, kalibo",Devil's Playground
185,Gris,Pardal,gpardal54@ca.gov,Diekirch,Midnight's Children
186,Madelena,Trewartha,mtrewartha55@fc2.com,Aş Şanamayn,The Studio Murder Mystery
187,Amberly,Rachuig,arachuig56@businesswire.com,Rakai,OKA!
188,Ula,Shovlin,ushovlin57@ted.com,Donghuang,Roxanne
189,Beck,Gumme,bgumme58@webs.com,Klos,Colonel Redl (Oberst Redl)
190,Gar,Harrismith,gharrismith59@yellowbook.com,Lila,"Molly Maguires, The"
191,Derry,Ellins,dellins5a@vinaora.com,Hrušovany u Brna,Doomsday Prophecy
192,Arlen,Keyzor,akeyzor5b@icio.us,Sherwood Park,Pornstar: The Legend of Ron Jeremy
193,Shanon,Szantho,sszantho5c@merriam-webster.com,Pakis,Soylent Green
194,Johnathan,Sturror,jsturror5d@list-manage.com,Göteborg,"Comancheros, The"
195,Stacey,Whiffen,swhiffen5e@fema.gov,Sūrāb,I Really Hate My Job
196,Clayton,Bondar,cbondar5f@phpbb.com,Golynki,Garage Olimpo
197,Cleve,Balentyne,cbalentyne5g@wikispaces.com,Žirovnica,Werner - Beinhart!
198,Shurlocke,Sonnenschein,ssonnenschein5h@mapquest.com,Bobai,2010: Moby Dick
199,Gilbertine,Lapidus,glapidus5i@moonfruit.com,Jaro,Visitors
200,Aindrea,Corrison,acorrison5j@technorati.com,Paraíso,"Cold Water (Eau Froide, L')"
201,Derron,Lowensohn,dlowensohn5k@slashdot.org,Liucheng,Firewall
202,Tawsha,Ales,tales5l@auda.org.au,Baltimore,"King, The"
203,Agneta,Vignal,avignal5m@prlog.org,Pingdi,Hot Millions
204,Gardiner,Mathy,gmathy5n@jugem.jp,Yingjiang,Shadow Man
205,Maurits,MacCome,mmaccome5o@examiner.com,Niška Banja,"Deux mondes, Les"
206,Merwin,Etches,metches5p@de.vu,Guabito,Evil Dead II (Dead by Dawn)
207,Creight,Dreng,cdreng5q@ed.gov,Dainan,Masters of the Universe
208,Allyn,Bass,abass5r@yale.edu,Krajan Ngrambingan,Morvern Callar
209,Jaimie,Shilstone,jshilstone5s@ifeng.com,Erdao,Red Hill
210,Alvira,Peinke,apeinke5t@sciencedirect.com,Metsamor,Rage of Angels
211,Krissie,Horder,khorder5u@histats.com,Qimeng,"Hit, The"
212,Reggi,Brusle,rbrusle5v@about.com,Kuala Lumpur,The Old Maid
213,Lynette,Campaigne,lcampaigne5w@plala.or.jp,Timashëvsk,Stray Dogs
214,Homere,Marran,hmarran5x@amazon.co.jp,Rosais,"Hawaiians, The"
215,Dorie,Baumer,dbaumer5y@mediafire.com,Itambé,Hum Tumhare Hain Sanam
216,Kitty,Decayette,kdecayette5z@hostgator.com,San Luis,Chain of Command
217,Cammy,Pollins,cpollins60@hc360.com,Itaberaí,"Rise of Catherine the Great, The"
218,Lynn,McDowall,lmcdowall61@squarespace.com,San Jose,Kenny
219,Kingston,Miguet,kmiguet62@gizmodo.com,Épinal,"Horrible Way to Die, A "
220,Northrup,Kaubisch,nkaubisch63@ow.ly,Nova Iguaçu,Fatal Attraction
221,Locke,Kubiczek,lkubiczek64@rakuten.co.jp,Changping,"Awful Truth, The"
222,Dorena,Schwandermann,dschwandermann65@mysql.com,Kraskino,"Counterfeit Coin, The (Istoria mias kalpikis liras)"
223,Marylinda,Menelaws,mmenelaws66@psu.edu,Tisno,Dragon Ball: The Path to Power (Doragon bôru: Saikyô e no michi)
224,Zarah,Scarce,zscarce67@google.co.jp,Jablonec nad Jizerou,Chaos (Kaosu)
225,Tadio,Redmile,tredmile68@theatlantic.com,Laval,"Dennis the Menace Christmas, A"
226,Sabrina,Bim,sbim69@homestead.com,Blažovice,First Strike (Police Story 4: First Strike) (Ging chaat goo si 4: Ji gaan daan yam mo)
227,Alfred,Thornewill,athornewill6a@plala.or.jp,Sukamanah,How Do You Know
228,Arne,Metterick,ametterick6b@disqus.com,Jakhaly,Seven Angry Men
229,Kora,Konig,kkonig6c@wordpress.com,Boljoon,"Day in the Country, A (Partie de campagne)"
230,Solly,Bremley,sbremley6d@arstechnica.com,Serra,The Man from Acapulco
231,Owen,Tweedle,otweedle6e@chicagotribune.com,Camargo,"Touch of Sin, A (Tian zhu ding)"
232,Morry,Fisk,mfisk6f@google.fr,Nazaré,They All Lie
233,Nathalia,McIsaac,nmcisaac6g@comsenz.com,Xianglan,Beverly Hills Cop
234,Agnesse,Tadman,atadman6h@cloudflare.com,Yu’erhong,Dolores Claiborne
235,Belia,Maffini,bmaffini6i@surveymonkey.com,Raffingora,Erin Brockovich
236,Ninetta,Ciobutaru,nciobutaru6j@mapy.cz,Huating,Toy Story That Time Forgot
237,Sammie,Lemary,slemary6k@intel.com,Reading,"Goodbye, Columbus"
238,Ivan,Feely,ifeely6l@tumblr.com,Murcia,Walk on the Wild Side
239,Lavinie,Eldrid,leldrid6m@shutterfly.com,Wanzu,"Peacekeeper, The"
240,Sax,Lapenna,slapenna6n@cnn.com,Strum,Children of Invention
241,Jedidiah,Colkett,jcolkett6o@nifty.com,Bangkok,Slither
242,Guinevere,Kingzett,gkingzett6p@google.co.jp,Xiaopu,Safe
243,Callean,D'Alesio,cdalesio6q@github.io,Balbalan,"Bashu, the Little Stranger (Bashu, gharibeye koochak)"
244,Cindi,Bursell,cbursell6r@wikipedia.org,Ngerengere,Vamps
245,Dennie,Schankelborg,dschankelborg6s@stumbleupon.com,Rufino,Snow Queen
246,Janessa,Kovalski,jkovalski6t@twitter.com,Modderfontein,"Forgotten One, The"
247,Nathanial,Frensch,nfrensch6u@china.com.cn,Shenshu,Sangre de mi sangre (Padre Nuestro)
248,Royce,Bartkiewicz,rbartkiewicz6v@altervista.org,Chodová Planá,Benji 
249,Ian,Edwicker,iedwicker6w@soundcloud.com,Lesnikovo,Pure Luck
250,Onfre,Gopsill,ogopsill6x@fc2.com,Laojieji,Thunderbolt and Lightfoot
251,Barnett,Ashbey,bashbey6y@stanford.edu,Plato,"Seasoning House, The"
252,Lucy,Denslow,ldenslow6z@chronoengine.com,Maomiaoji,La Soufrière - Warten auf eine unausweichliche Katastrophe
253,Elnore,Virgo,evirgo70@elegantthemes.com,Bojong,"My Daughter, the Socialist (I kori mou, i sosialistria)"
254,Ezra,Baldini,ebaldini71@scribd.com,Maha Sarakham,"Escapist, The"
255,Shurlocke,Tassaker,stassaker72@live.com,Tiabaya,Star Trek IV: The Voyage Home
256,Babara,oldey,boldey73@usa.gov,Fukagawa,Dead Ringer
257,Bradly,Dunklee,bdunklee74@newsvine.com,Shuitou,Big Girls Don't Cry (Große Mädchen weinen nicht)
258,Kylen,Meah,kmeah75@hao123.com,Kizhinga,Made in Dagenham
259,Saraann,Garroway,sgarroway76@cnet.com,Sartrouville,Things to Come
260,Vladamir,Tomkiss,vtomkiss77@fotki.com,Tomorlog,"Rescuers Down Under, The"
261,Blanch,Warland,bwarland78@plala.or.jp,Saray,"House of Yes, The"
262,Lonny,Ricardin,lricardin79@networksolutions.com,Al Mughayyir,Dragon Ball GT: A Hero's Legacy (Doragon bôru GT: Gokû gaiden! Yûki no akashi wa sû-shin-chû)
263,Malissia,Jacquemot,mjacquemot7a@wsj.com,Guancheng,Eden
264,Bambi,Monkhouse,bmonkhouse7b@redcross.org,Hödrögö,Luther
265,Allix,Byer,abyer7c@51.la,Plumtree,Evil Remains (Trespassing)
266,Ivie,Chattington,ichattington7d@delicious.com,Goczałkowice Zdrój,Ransom (a.k.a. The Terrorists)
267,Hillery,Cadell,hcadell7e@amazon.de,Birmingham,Escape Me Never
268,Hermon,Bourget,hbourget7f@fda.gov,Shuiyuan,Stopped on Track
269,Linnea,Circuit,lcircuit7g@google.com.au,Nowe Miasto,"King Is Alive, The"
270,Byrle,Seid,bseid7h@latimes.com,Ash Shaḩānīyah,Far From Home: The Adventures of Yellow Dog
271,Melessa,Prestland,mprestland7i@reverbnation.com,South River,Doctor Dolittle
272,Saxon,Camden,scamden7j@taobao.com,Jaunpils,E=mc2
273,Steffen,Thompstone,sthompstone7k@time.com,Khovd,Black White + Gray: A Portrait of Sam Wagstaff and Robert Mapplethorpe 
274,Averyl,Curtin,acurtin7l@dailymail.co.uk,Sukhobuzimskoye,"Fort Apache, the Bronx"
275,Karry,Lockley,klockley7m@washingtonpost.com,Cikaso,Indian Summer (a.k.a. The Professor) (La prima notte di quiete)
276,Hasty,Rolfo,hrolfo7n@newyorker.com,Kolno,"New Rulers of the World, The"
277,Maressa,Mathiasen,mmathiasen7o@edublogs.org,Merlo,A Rumor Of War
278,Fremont,Sanchis,fsanchis7p@slashdot.org,Wuqiao,Galileo
279,Antonius,Tilby,atilby7q@omniture.com,Rosaspata,Halo Legends
280,Sande,Ding,sding7r@cargocollective.com,Yecun,"Sea Hawk, The"
281,Kim,Welsh,kwelsh7s@deliciousdays.com,Ambanja,Dance with Me
282,Crissy,Grigaut,cgrigaut7t@addtoany.com,Międzybrodzie Bialskie,"Union: The Business Behind Getting High, The"
283,Cletus,Wanka,cwanka7u@oracle.com,Ciengang,Glory
284,Nealy,Bedburrow,nbedburrow7v@nyu.edu,Morshansk,Interview
285,Hillyer,Hellwich,hhellwich7w@youku.com,Dongying,Marooned
286,Corina,Kermitt,ckermitt7x@mediafire.com,Bāsht,"Sandpiper, The"
287,Eb,Heal,eheal7y@printfriendly.com,Orocuina,High Test Girls
288,Ariel,McArd,amcard7z@arizona.edu,Aleksandrovskiy Zavod,Baby Doll
289,Stacee,Mc Mechan,smcmechan80@google.es,Mor Laok,The Wind in the Willows
290,Maribel,Dederich,mdederich81@photobucket.com,Żelistrzewo,"Touch of Class, A"
291,Juan,Persey,jpersey82@prnewswire.com,Oruro,Merchants of Doubt
292,Antonius,Michelet,amichelet83@latimes.com,Ribeiro,Truth in 24
293,Betteanne,Monger,bmonger84@pinterest.com,Borås,High School Musical 3: Senior Year
294,Kristo,Grigolli,kgrigolli85@google.com,Kurlovo,Huckleberry Finn
295,Kirstyn,Kruszelnicki,kkruszelnicki86@twitter.com,Hövsan,Maid of Salem
296,Marcello,Briton,mbriton87@zimbio.com,Habana del Este,Joe + Belle
297,Casandra,Di Meo,cdimeo88@sciencedirect.com,Pedraza,Joyful Noise
298,Elset,Maxweell,emaxweell89@joomla.org,Suvorov,Magical Mystery Tour
299,Merna,Paffley,mpaffley8a@apache.org,Kutamangu,Jack Frost
300,Ernesta,Mussilli,emussilli8b@naver.com,Weitian,"Devil's Backbone, The (Espinazo del diablo, El)"
301,Germayne,Treffry,gtreffry8c@tiny.cc,Fort-de-France,Fierce Creatures
302,Margi,Stuttard,mstuttard8d@trellian.com,Neresnytsya,Elling
303,Cordi,Petrashov,cpetrashov8e@redcross.org,Kupiskis,"Banshee Chapter, The"
304,Rhetta,Durham,rdurham8f@google.es,Yanhong,Basket Case 3: The Progeny
305,Edgardo,Powis,epowis8g@nhs.uk,Sorinomo,Shadowzone
306,Crissie,Alenichicov,calenichicov8h@creativecommons.org,Shancheng,Daleks' Invasion Earth: 2150 A.D.
307,Carissa,Rudham,crudham8i@newyorker.com,Rio do Sul,"Circle of Deception, A"
308,Hinze,Judron,hjudron8j@squidoo.com,Tây Ninh,The Adventure of Faustus Bidgood
309,Mandy,Frankcomb,mfrankcomb8k@prweb.com,Pingpu,Freeze Me
310,Karla,Roze,kroze8l@netscape.com,Klobuky,Vice
311,Valentina,Chart,vchart8m@weibo.com,Bella Vista,"Pink Panther 2, The"
312,Lorita,Kiggel,lkiggel8n@army.mil,Bayt Yāshūţ,Card Subject To Change
313,Ethel,Bean,ebean8o@google.com.br,Xingguo,Last Chance Harvey
314,Vassily,Ilsley,vilsley8p@blinklist.com,Bakan,God's Puzzle (Kamisama no pazuru)
315,Marlyn,Doy,mdoy8q@ehow.com,Goworowo,Samurai I: Musashi Miyamoto (Miyamoto Musashi)
316,Rosaline,Muffett,rmuffett8r@multiply.com,Babakanjaya,Love
317,Syd,Feldstern,sfeldstern8s@jalbum.net,Lingshan,Candleshoe
318,Gillie,Doohan,gdoohan8t@gnu.org,Open Stage,Girls in Prison
319,Janelle,Dodwell,jdodwell8u@ox.ac.uk,Hwangju-ŭp,Ruby in Paradise
320,Cesare,Boultwood,cboultwood8v@phoca.cz,Quintong,L'instant et la patience 
321,Wittie,Westcarr,wwestcarr8w@ftc.gov,Langchi,Three O'Clock High
322,Clem,Deare,cdeare8x@nytimes.com,Shufeng,Without Warning (a.k.a. Alien Warning) (a.k.a. It Came Without Warning)
323,Standford,Wapples,swapples8y@ovh.net,Yungay,Woo
324,Berna,Mallen,bmallen8z@epa.gov,Zhendong,Colors
325,Noelani,Springate,nspringate90@state.gov,Dengmu,Männerherzen... und die ganz ganz große Liebe
326,Marya,Skelton,mskelton91@nymag.com,Nglego,3 Idiots
327,Jude,Werrit,jwerrit92@multiply.com,Shali,Q & A
328,Gerek,Billion,gbillion93@ucoz.com,Pewel Wielka,Kelly's Heroes
329,Dniren,Kinane,dkinane94@ucla.edu,Basoko,Weekend at Bernie's
330,Kelcie,Dundon,kdundon95@miibeian.gov.cn,Yanzhao,Trouble in Mind
331,Armstrong,Briar,abriar96@booking.com,Gvardeysk,Sitting Pretty
332,Rori,Pallesen,rpallesen97@google.nl,Loikaw,Fidel
333,Trista,Remer,tremer98@over-blog.com,Lianglin,Snarveien (Detour)
334,Carita,Ughetti,cughetti99@rakuten.co.jp,Bafoussam,Paper Heart
335,Frieda,Coutts,fcoutts9a@jigsy.com,Amirdzhan,Salvation Boulevard
336,Randy,Constance,rconstance9b@so-net.ne.jp,Rila,"Liar's Autobiography: The Untrue Story of Monty Python's Graham Chapman, A"
337,Jim,Petrovic,jpetrovic9c@nih.gov,Benito Juarez,Upstream
338,Ricky,Poulter,rpoulter9d@ox.ac.uk,Ma’an,Black Angel
339,Ezri,Capstaff,ecapstaff9e@msn.com,Biaoxi,A Viking Saga: The Darkest Day
340,Drucill,Milesop,dmilesop9f@posterous.com,Cabangahan,Nothing to Lose
341,Lynelle,O' Reagan,loreagan9g@arizona.edu,Zhoupi,Thank Your Lucky Stars
342,Barnaby,Malenfant,bmalenfant9h@seattletimes.com,Peroguarda,Beetle Queen Conquers Tokyo
343,Jamie,Nolot,jnolot9i@odnoklassniki.ru,Ekou,Mad Dog and Glory
344,Vincents,Hardiman,vhardiman9j@sciencedirect.com,Vacaria,Choices
345,Billy,Panting,bpanting9k@paginegialle.it,Wedangtemu,Keane
346,Tybalt,Drezzer,tdrezzer9l@marriott.com,Ningxi,Bye Bye Braverman
347,Cora,Cream,ccream9m@ebay.com,Gori,Breathe In
348,Rivkah,Brewis,rbrewis9n@go.com,Natal,Jamaica Inn
349,Louisa,Ventam,lventam9o@1und1.de,Sumuragung,"Man with One Red Shoe, The"
350,Mac,Hapke,mhapke9p@stumbleupon.com,Bhalwāl,Pharaoh's Curse
351,Phyllys,Ascough,pascough9q@photobucket.com,San Antonio,"Girl, The"
352,Hayden,Goodship,hgoodship9r@lycos.com,Shetangpo,"Awful Truth, The"
353,Ripley,Letteresse,rletteresse9s@mediafire.com,Serra da Silveira,"Puff, Puff, Pass"
354,Dianemarie,Euler,deuler9t@cornell.edu,Ytterby,"Time to Kill, A"
355,Nataniel,Tucker,ntucker9u@phpbb.com,Kruševica,"Golem, The (Golem, wie er in die Welt kam, Der)"
356,Arturo,Olczak,aolczak9v@macromedia.com,Huangbao,"Grass Is Greener, The"
357,Tulley,Songust,tsongust9w@typepad.com,Żyrardów,Hesher
358,Berrie,Bramford,bbramford9x@fema.gov,Orlando,"Afflicted, The"
359,Nanice,Edgecombe,nedgecombe9y@ihg.com,Wako,"Last Frontier, The"
360,Pren,McDermott-Row,pmcdermottrow9z@seattletimes.com,Seraya,"Killer Is Loose, The"
361,Pia,Burgwin,pburgwina0@wix.com,La Dicha,Cronos
362,Link,Quinane,lquinanea1@cornell.edu,Amiens,Modify 
363,Dom,McIlhagga,dmcilhaggaa2@tamu.edu,Nantes,Sweetgrass
364,Barty,Dello,bdelloa3@omniture.com,Kimhae,Alter Egos
365,Matilda,Darrington,mdarringtona4@discovery.com,Khalopyenichy,Sour Grapes
366,Sue,Geldart,sgeldarta5@google.ru,Wushi,Rape Me (Baise-moi)
367,Letitia,Brastead,lbrasteada6@t-online.de,Wenshang,Moonraker
368,Zerk,Haney,zhaneya7@jiathis.com,Bykhaw,"Hungarian Fairy Tale, A (Hol volt, hol nem volt)"
369,Rodie,Syphas,rsyphasa8@cdc.gov,Paris 01,Shoot 'Em Up
370,Cart,Cattroll,ccattrolla9@bloomberg.com,Nong Khai,Odd Couple (Bo ming chan dao duo ming qiang) (Eternal Conflict)
371,Branden,Baty,bbatyaa@storify.com,Al Ma‘allā’,Weekend at Bernie's II
372,Virgina,Solley,vsolleyab@go.com,Tiedonglu,Traffic Affairs (Mitfahrer)
373,Beverie,Dunstone,bdunstoneac@sciencedirect.com,Hongor,"Man from Elysian Fields, The"
374,Lennard,Josephy,ljosephyad@independent.co.uk,Pasvalys,Captain Ron
375,Humfrey,Folan,hfolanae@chronoengine.com,General Belgrano,Ramona and Beezus
376,Ardyth,Moan,amoanaf@mashable.com,Örebro,Baraka
377,Enrichetta,Goldwater,egoldwaterag@last.fm,Parizh,Salmon Fishing in the Yemen
378,Delinda,Caunce,dcaunceah@artisteer.com,Valdivia,Trekkies
379,Vilhelmina,Rawle,vrawleai@oakley.com,Chaoshui,Holy Flying Circus
380,Jemimah,Anglin,janglinaj@51.la,Zhaoxiang,Charlotte Sometimes
381,Edith,MacKomb,emackombak@feedburner.com,Sukamaju,Amen.
382,Kale,Durward,kdurwardal@phpbb.com,Fatumuti,Little Miss Broadway
383,Albrecht,Rockell,arockellam@studiopress.com,Chishtiān Mandi,Slaying the Badger
384,Trace,Waldie,twaldiean@bravesites.com,Ukmerge,Beyond the Stars
385,Pansy,Belch,pbelchao@posterous.com,Shajia’ao,Still Life (Sanxia haoren)
386,Glyn,Campo,gcampoap@apache.org,Huangzhuang,"Watch, The"
387,Quentin,Dodshon,qdodshonaq@wikipedia.org,Namasuba,Trapped in the Closet: Chapters 1-12
388,Kellina,Thaller,kthallerar@blogtalkradio.com,Ḑawrān ad Daydah,Flesh and Blood
389,Carmel,Ledrane,cledraneas@simplemachines.org,Kankan,Concursante
390,Delora,Tembridge,dtembridgeat@ted.com,Kenitra,From Russia with Love
391,Betta,Lunn,blunnau@nbcnews.com,Kárystos,Concursante
392,North,Bakeup,nbakeupav@aol.com,Huangyuan Chengguanzhen,Cinema Paradiso (Nuovo cinema Paradiso)
393,Chandler,Donet,cdonetaw@godaddy.com,Xiaohebian,Timeline
394,Dominic,Sabbin,dsabbinax@amazon.de,Yessentuki,Yes Man
395,Patsy,Anslow,pansloway@istockphoto.com,Jiaohu,"Street Fighter, The (Gekitotsu! Satsujin ken)"
396,Gabby,Brafferton,gbraffertonaz@opera.com,Aix-en-Provence,Seven Psychopaths
397,Katrinka,Salvage,ksalvageb0@auda.org.au,Desa Nasol,"Black Dahlia, The"
398,Willow,Robichon,wrobichonb1@goo.ne.jp,Torino,Another Thin Man
399,Bethina,Elham,belhamb2@nih.gov,Hengjian,My Little Chickadee
400,Alysa,Stedall,astedallb3@admin.ch,Blois,Clear History
401,Colette,Ruzek,cruzekb4@51.la,Khakhea,War of the Arrows (Choi-jong-byeong-gi Hwal)
402,Rees,Housecraft,rhousecraftb5@com.com,Sixi,Scott Joplin
403,Gifford,Haet,ghaetb6@hostgator.com,Lālmohan,Cinderella III: A Twist in Time
404,Kellen,Rylatt,krylattb7@altervista.org,Jayawangi,Larger Than Life
405,Kimbell,Sabbin,ksabbinb8@nyu.edu,Castanheira de Pêra,Indochine
406,Dede,Denyukhin,ddenyukhinb9@ebay.com,Jacksonville,One Trick Pony
407,Catherina,Woolrich,cwoolrichba@goodreads.com,Luxi,Muppet Treasure Island
408,Hewie,Giacovazzo,hgiacovazzobb@oaic.gov.au,Siguinon,Insomnia
409,Job,Rohan,jrohanbc@vk.com,Novokizhinginsk,"Adventures of Mark Twain, The"
410,Vikky,Billam,vbillambd@taobao.com,Hecun,The Dark Knight
411,Greta,Lambarton,glambartonbe@usgs.gov,Sainyabuli,Kal Ho Naa Ho
412,Blanch,Bretherick,bbretherickbf@networksolutions.com,Sarukhan,September
413,Bobinette,Redwall,bredwallbg@usnews.com,Oświęcim,"Last Time, The"
414,Jonah,Jarvis,jjarvisbh@ezinearticles.com,Santa Cruz,Dreams on Spec
415,Shela,Flockhart,sflockhartbi@ycombinator.com,Golubinci,I Give It a Year
416,Christian,Sutherel,csutherelbj@taobao.com,Longquan,Blacksmith Scene
417,Fidole,Pepineaux,fpepineauxbk@icio.us,Sŏnbong,Twilight of the Ice Nymphs
418,Euell,Ritter,eritterbl@mac.com,Berezanka,The Gift of Love
419,Jennie,Beade,jbeadebm@ft.com,Alexandria,Our Man Flint
420,Billy,Longfellow,blongfellowbn@nationalgeographic.com,Zvenigorod,Four Heads Are Better Than One (Un homme de tête)
421,Dollie,Harkess,dharkessbo@privacy.gov.au,Manoel Urbano,"Giant of Marathon, The (Battaglia di Maratona, La)"
422,Huntington,Snap,hsnapbp@vkontakte.ru,Gal’bshtadt,"12 Dogs of Christmas, The"
423,Padget,Byrth,pbyrthbq@slideshare.net,Kosmach,"Phantom of the Opera, The"
424,Beverlee,Truter,btruterbr@springer.com,Solnechnyy,"Canterbury Tale, A"
425,Barbra,Rubinovitsch,brubinovitschbs@engadget.com,Āsmār,Joe Strummer: The Future Is Unwritten
426,Jillene,Lund,jlundbt@mtv.com,Vlycháda,"Last Temptation of Christ, The"
427,Yancey,Widdocks,ywiddocksbu@disqus.com,Besançon,"Bicycle, Spoon, Apple (Bicicleta, cullera, poma)"
428,Ashton,Brookson,abrooksonbv@jalbum.net,Bakuriani,Rid of Me
429,Arvin,Carl,acarlbw@paginegialle.it,South Bend,Horror of the Zombies
430,Cloris,Cressingham,ccressinghambx@edublogs.org,Cibeureum,"Hangover Part II, The"
431,Peder,A'Barrow,pabarrowby@ezinearticles.com,Genzi,Pekka ja Pätkä lumimiehen jäljillä
432,Heath,Adamo,hadamobz@flickr.com,Karpushikha,American Graffiti
433,Reed,Giraudat,rgiraudatc0@usgs.gov,Miyoshi,"47 Ronin, The (Genroku Chûshingura)"
434,Bond,Longdon,blongdonc1@washingtonpost.com,Ledok,The Fox & the Child
435,Boyd,Fer,bferc2@tinyurl.com,San Jose,"Shape of Things to Come, The"
436,Augie,Maro,amaroc3@blogtalkradio.com,Donggang,Gambit
437,Madelene,Cockren,mcockrenc4@sourceforge.net,Koło,Dawn of the Dead
438,Hugo,McWaters,hmcwatersc5@miibeian.gov.cn,San Isidro,"Way I Spent the End of the World, The (Cum mi-am petrecut sfarsitul lumii)"
439,Mabelle,Botten,mbottenc6@irs.gov,Velké Pavlovice,Steal This Film II
440,Belita,Maylam,bmaylamc7@arizona.edu,Novorossiysk,Ju Dou
441,Vanni,Hedon,vhedonc8@flickr.com,Cala,What's Eating Gilbert Grape
442,Tera,Phin,tphinc9@cam.ac.uk,Fenshui,Detective (Détective)
443,Karmen,Dodson,kdodsonca@t.co,Cerro Punta,"Crow, The"
444,Erina,Shave,eshavecb@histats.com,Bida,Braddock: Missing in Action III
445,Ruthie,Bezants,rbezantscc@artisteer.com,Rusocice,Bush's Brain
446,Damita,Ruprechter,druprechtercd@epa.gov,Melíti,Animal Kingdom
447,Beck,Randales,brandalesce@blogtalkradio.com,Kamenka,Blood Alley
448,Rozanna,Ourry,rourrycf@bbc.co.uk,Ibrā’,Post Tenebras Lux
449,Ernst,Birkin,ebirkincg@oakley.com,Hrádek,Even Dwarfs Started Small (Auch Zwerge haben klein angefangen)
450,Estevan,Lilly,elillych@cyberchimps.com,Prosvet,Woman Is the Future of Man (Yeojaneun namjaui miraeda)
451,Giffard,Marham,gmarhamci@washingtonpost.com,Boguchar,Random Hearts
452,Joela,I'anson,jiansoncj@posterous.com,Horizonte,Lost Horizon
453,Phylys,Sinnatt,psinnattck@wsj.com,Dulangan,Ce que mes yeux ont vu
454,Ofelia,Yackiminie,oyackiminiecl@narod.ru,Longvic,Lewis Black: Stark Raving Black
455,Estevan,Shilstone,eshilstonecm@huffingtonpost.com,Cirangrang,Signs
456,Cynde,Challes,cchallescn@cdbaby.com,Nanping,Affinity
457,Thelma,Arsey,tarseyco@japanpost.jp,Rila,Sleeper
458,Guss,Castilla,gcastillacp@smh.com.au,Anyu,Night Editor
459,Shelbi,Hutley,shutleycq@goo.ne.jp,Igbor,"Happiest Millionaire, The"
460,Maxie,Hanrahan,mhanrahancr@photobucket.com,Fiditi,Carry on Spying (Agent Oooh!)
461,Granny,McCague,gmccaguecs@woothemes.com,Lago da Pedra,Ride with the Devil
462,Nickolai,Jouandet,njouandetct@netvibes.com,Kashima,Children of Men
463,Teodora,Iwanowski,tiwanowskicu@bing.com,Pawing,Green Card
464,Merola,Gillies,mgilliescv@sphinn.com,Kaduengang,Evangelion: 3.0 You Can (Not) Redo
465,Ryann,Yearnes,ryearnescw@opensource.org,Babakanjaya,The Sword and the Rose
466,Mathe,Lynthal,mlynthalcx@buzzfeed.com,Ořechov,"Night of the Hunter, The"
467,Wash,Petworth,wpetworthcy@dropbox.com,Fengyang Fuchengzhen,Shoulder Arms
468,Shalom,Bellson,sbellsoncz@desdev.cn,Ancasti,Gospa
469,Dev,MacGaughey,dmacgaugheyd0@upenn.edu,Apatin,This Is 40
470,Dion,Thornton,dthorntond1@diigo.com,Krzanowice,Green Card
471,Kinnie,Bollin,kbollind2@sourceforge.net,Vĩnh Tường,Witch's Night Out
472,Alfy,Wellfare,awellfared3@list-manage.com,Yaruchel,Black Rainbow
473,Jody,Gierth,jgierthd4@wikipedia.org,Guishan,"Code Conspiracy, The"
474,Mac,Dunnan,mdunnand5@weather.com,Zudun,Clerks II
475,Beauregard,Hegerty,bhegertyd6@friendfeed.com,Aurillac,Pippi in the South Seas (Pippi Långstrump på de sju haven)
476,Natalina,Lowbridge,nlowbridged7@hhs.gov,Shuangpengxi,Conspiracy
477,Barnett,Hebden,bhebdend8@unesco.org,Malilipot,[REC]³ 3 Génesis
478,Silvanus,Gaynes,sgaynesd9@hexun.com,São Félix do Xingu,Raging Bull
479,Lefty,Lefley,llefleyda@cocolog-nifty.com,Luodian,Ghosts of Girlfriends Past
480,Pietra,Gillie,pgilliedb@dell.com,Skibbereen,"Woman Next Door, The (Femme d'à côté, La)"
481,Blondell,Crenage,bcrenagedc@europa.eu,Dukuh Kaler,8 Heads in a Duffel Bag
482,Gleda,Petel,gpeteldd@youtu.be,Binonga,Innocence
483,Albrecht,Praundl,apraundlde@accuweather.com,Uniejów,Underworld
484,Beaufort,Freyne,bfreynedf@mlb.com,Pamanukan,Blackhat
485,Mead,Tarbett,mtarbettdg@forbes.com,General Lavalle,"Ring, The"
486,Alejandro,Acey,aaceydh@comsenz.com,Povedniki,The Green
487,Stephie,Janusik,sjanusikdi@posterous.com,Cayang,Murder on Monday
488,Vincent,Deakan,vdeakandj@weebly.com,Cantagallo,Dadetown
489,Brittne,Durbyn,bdurbyndk@noaa.gov,Koton Karifi,Death at a Funeral
490,Beaufort,Rosenfeld,brosenfelddl@de.vu,Jinxiang,Beethoven
491,Marlyn,Clemence,mclemencedm@networksolutions.com,Chvalšiny,Man's Castle
492,Wye,Delgado,wdelgadodn@nifty.com,Nassarawa,Apache Country
493,Tully,Spark,tsparkdo@techcrunch.com,João Alfredo,Pokémon the Movie: White - Victini and Zekrom
494,Lenora,Meltetal,lmeltetaldp@epa.gov,Sabang,Chicago Overcoat
495,Ava,MacNair,amacnairdq@fastcompany.com,Villa Santa Rita,"Fury, The"
496,Binny,Craigs,bcraigsdr@google.co.uk,Agboville,"Twilight People, The"
497,Giffy,Cruickshanks,gcruickshanksds@patch.com,Krasnoarmiys’k,Disaster Movie
498,Aggie,Oldacre,aoldacredt@trellian.com,Campo Mourão,Barnyard: The Original Party Animals
499,Keefe,Sattin,ksattindu@comcast.net,Banaba,"Torrente, el brazo tonto de la ley"
500,Toddy,MacPaden,tmacpadendv@weibo.com,Sukorambi,Saw IV
501,Granger,Pletts,gplettsdw@jugem.jp,Dajabón,Joanna
502,Welsh,Pottell,wpottelldx@mozilla.org,Szczerców,"Crimson Rivers 2: Angels of the Apocalypse (Rivières pourpres II - Les anges de l'apocalypse, Les)"
503,Anestassia,Perott,aperottdy@home.pl,Chocz,"Leslie, My Name is Evil (Manson, My Name is Evil)"
504,Ange,Sheardown,asheardowndz@sitemeter.com,Serang,Amazing Johnathan: Wrong on Every Level
505,Bord,Noblet,bnoblete0@i2i.jp,Kut Chum,Spring
506,Carmelia,Lemmertz,clemmertze1@usa.gov,Muli,Tarzan's Secret Treasure
507,Doro,Toohey,dtooheye2@hugedomains.com,Netrakona,"Little Trip to Heaven, A"
508,Meredith,Linley,mlinleye3@umich.edu,Krynice,"Map of the World, A"
509,Dniren,Vedstra,dvedstrae4@symantec.com,Chimichagua,Hidden Agenda
510,Siana,Grassin,sgrassine5@un.org,Makur,I'll Never Forget What's'isname
511,Dasha,Raittie,draittiee6@com.com,Sophia Antipolis,Gamera vs. Barugon
512,Paige,Sime,psimee7@biblegateway.com,Gornji Grad,Lille Fridolf and I
513,Hewie,Mattevi,hmattevie8@skype.com,Rathwire,Color Me Blood Red
514,Shelby,Moody,smoodye9@chron.com,Saint-Denis,"Mrs. Brown (a.k.a. Her Majesty, Mrs. Brown)"
515,Sol,Mager,smagerea@webeden.co.uk,Łomianki,"Season for Miracles, A"
516,Gaspar,Castellet,gcastelleteb@timesonline.co.uk,Oeiras,Demon Seed
517,Thedrick,Ucceli,tucceliec@simplemachines.org,Changliu,"Europeans, The"
518,Julietta,Jeanesson,jjeanessoned@spotify.com,Dachnoye,"Wedding in Blood (Noces rouges, Les)"
519,Nikolaos,Popping,npoppingee@nyu.edu,Leshukonskoye,Bass Ackwards
520,Jacobo,Alfonsetti,jalfonsettief@dot.gov,Hong’an Chengguanzhen,Movie Crazy
521,Chrisse,Hagston,chagstoneg@baidu.com,Santa María del Real,"Bad News Bears, The"
522,Gloriana,Van den Hof,gvandenhofeh@reddit.com,La Aurora,Gerry
523,Kriste,Barbosa,kbarbosaei@aol.com,Lobatse,"Little Giant, The"
524,Luella,Carolan,lcarolanej@diigo.com,Brooklyn,"Ditchdigger's Daughters, The"
525,Tybi,Overthrow,toverthrowek@csmonitor.com,Värnamo,"Cool World, The"
526,Bendix,Gherardini,bgherardiniel@wunderground.com,Rio Claro,Gallowwalkers
527,Kerrin,Pollastrino,kpollastrinoem@hibu.com,Guicheng,Switchblade Sisters
528,Tamera,Confort,tconforten@indiegogo.com,Al Ḩazm,Raja
529,Kelley,McCudden,kmccuddeneo@wikia.com,Baltimore,Nightwatching
530,Andreas,Burchall,aburchallep@cbsnews.com,Hullo,"Green Wave, The"
531,Lianna,Bernardinelli,lbernardinellieq@twitter.com,Boca Raton,Krabat
532,Blake,Bateman,bbatemaner@1und1.de,Lipie,Lethal Weapon 2
533,Barbee,Doni,bdonies@thetimes.co.uk,Zhize,"Métamorphose des cloportes, La"
534,Louisa,Quinnette,lquinnetteet@gmpg.org,Gubu,Payment Deferred
535,Esta,Reddecliffe,ereddecliffeeu@webs.com,Austin,"Warrior and the Sorceress, The"
536,Geraldine,Bathowe,gbathoweev@youtube.com,Shiyan,Badlands
537,Carmina,Mursell,cmursellew@go.com,Czemierniki,Orphans of the Storm
538,Ike,Murtagh,imurtaghex@meetup.com,Katsina,Legends of the Fall
539,Ninnetta,Boden,nbodeney@intel.com,Xihu,"Switch, The"
540,Maurise,Eglise,megliseez@blog.com,Burujul,That's Life!
541,Matthew,Hegden,mhegdenf0@msn.com,Bébédja,Bedtime Stories
542,Silvanus,Speake,sspeakef1@e-recht24.de,General Villegas,"Scarlet Letter, The"
543,Guinna,Sturm,gsturmf2@miitbeian.gov.cn,Dërmënas,Julius Caesar
544,Tuesday,MacKeague,tmackeaguef3@apache.org,Midland,"Danger! 50,000 Zombies"
545,Nadeen,Farquar,nfarquarf4@geocities.com,Dornava,Jack Frost
546,Brunhilde,Nicol,bnicolf5@icq.com,Xingxi,Blackout (Contraband)
547,Gaylene,Bonsale,gbonsalef6@google.co.jp,Bayt Ta‘mar,Unraveled
548,Wynny,Habershaw,whabershawf7@spiegel.de,Sancang,Gia
549,Minny,Etty,mettyf8@1und1.de,Ulster Spring,Androcles and the Lion
550,Darby,Manns,dmannsf9@engadget.com,Solnechnyy,Faces of Death 6
551,Mozes,Janas,mjanasfa@simplemachines.org,Aknoul,Legendary
552,L;urette,Kerfod,lkerfodfb@people.com.cn,San Matías,Familiar Ground
553,Ana,Budgen,abudgenfc@stanford.edu,Soledad,7 Boxes (7 cajas)
554,Ilyssa,Plester,iplesterfd@usgs.gov,Hewa,Poolboy: Drowning Out the Fury
555,Anette,Adin,aadinfe@biglobe.ne.jp,Wulongshan,Airport '77
556,Verne,Murrell,vmurrellff@sohu.com,Mangunjaya,Runaway Bride
557,Lolita,Crocumbe,lcrocumbefg@hugedomains.com,Orda,Looking for Maria Sanchez
558,Doria,Conniam,dconniamfh@clickbank.net,Thala,"Learning Curve, The"
559,Silvain,McGaw,smcgawfi@ebay.co.uk,Rijeka,"Bohème, La"
560,Mick,Daniellot,mdaniellotfj@ox.ac.uk,Cholargós,American Crude
561,Doroteya,Kitteridge,dkitteridgefk@shinystat.com,Prochnookopskaya,Renoir
562,Patty,Hellicar,phellicarfl@pagesperso-orange.fr,Vila Franca de Xira,False Trail (Jägarna 2)
563,Carr,Imorts,cimortsfm@xinhuanet.com,Tunggar,American Yakuza
564,Lauralee,Rothschild,lrothschildfn@free.fr,Enskede,100 Years at the Movies
565,Dorothee,Robertis,drobertisfo@homestead.com,Qiligang,Atomic Rulers of the World
566,Fairleigh,Lockhart,flockhartfp@meetup.com,Lobos,Captain EO
567,Sherry,Jupe,sjupefq@bizjournals.com,Yaguarón,Messenger of Death
568,Mal,Biddwell,mbiddwellfr@sfgate.com,El Sombrero,Chance Pe Dance
569,Emelen,Hockell,ehockellfs@bloglines.com,Một Ngàn,Darling Companion
570,Maurine,Derham,mderhamft@alibaba.com,Wingham,Charlie Chan in the Secret Service
571,Imogene,Cicchetto,icicchettofu@state.tx.us,Takeo,The Phantom Light
572,Ketty,Gaskall,kgaskallfv@uol.com.br,Abbeville,Zeitgeist: The Movie
573,Dorree,Bleasdille,dbleasdillefw@slate.com,Johor Bahru,Local Color
574,Libby,Ausher,lausherfx@comcast.net,Douliu,Flipper
575,Karrie,Cowans,kcowansfy@symantec.com,Klishkivtsi,"Act in Question, The (Acto en cuestión, El)"
576,Wally,Creech,wcreechfz@woothemes.com,København,Mourning Becomes Electra
577,Virge,Hentzeler,vhentzelerg0@about.me,Không,"World's Greatest Lover, The"
578,Valery,Petkens,vpetkensg1@rakuten.co.jp,Tawa,Time of Eve (Eve no jikan)
579,Giselbert,Smy,gsmyg2@youku.com,Taksimo,Hum Tumhare Hain Sanam
580,Rogerio,Cowthard,rcowthardg3@hugedomains.com,Hongos,Tune in Tomorrow...
581,Jonie,Paulus,jpaulusg4@shareasale.com,Punta de Piedra,Lights Out
582,Oralia,Scantleberry,oscantleberryg5@blinklist.com,Middleton,"Man Who Loved Women, The (Homme qui aimait les femmes, L')"
583,Cyrille,Balmer,cbalmerg6@yellowpages.com,Nova Era,"Commare secca, La (Grim Reaper, The)"
584,Billy,Sloper,bsloperg7@prnewswire.com,Bat Khela,Monster
585,Chrystal,Gilding,cgildingg8@dedecms.com,Pangkalan,Thor: Tales of Asgard
586,Louis,Meldrum,lmeldrumg9@123-reg.co.uk,Fortios,Intimate Lighting (Intimni osvetleni)
587,Lolly,Steabler,lsteablerga@time.com,Ochobo,"Cobweb, The"
588,Lindsay,Paybody,lpaybodygb@alibaba.com,San Andrés Xecul,"Coward, The (Kapurush)"
589,Rodi,Elis,relisgc@mashable.com,Datangzhuang,Sleep Furiously
590,Ingar,Burkart,iburkartgd@soup.io,Bayrachky,Melancholia
591,Jocko,Lissaman,jlissamange@ovh.net,Bontang Baru,"Goonies, The"
592,Helena,Bellsham,hbellshamgf@china.com.cn,Łaziska Górne,Good Burger
593,Court,Sterzaker,csterzakergg@cloudflare.com,Langob,Dickie Roberts: Former Child Star
594,Jodi,McGillacoell,jmcgillacoellgh@indiegogo.com,Pitrufquén,"City Dark, The"
595,Davine,Smout,dsmoutgi@comcast.net,Nashville,Magnolia
596,Traver,Josilevich,tjosilevichgj@yahoo.co.jp,Victoria,Jeopardy (a.k.a. A Woman in Jeopardy)
597,Carlin,Marchington,cmarchingtongk@symantec.com,Terny,Calendar Girls
598,Rock,Kliemke,rkliemkegl@nyu.edu,Argasari,A Pigeon Sat on a Branch Reflecting on Existence
599,Benetta,Kenningley,bkenningleygm@illinois.edu,Gangsha,From the Journals of Jean Seberg
600,Blair,Duckhouse,bduckhousegn@ucla.edu,Vale de Madeiros,"Summer by the River, A (Kuningasjätkä)"
601,Ermanno,Konig,ekoniggo@independent.co.uk,Havre-Saint-Pierre,Supermensch: The Legend of Shep Gordon
602,Lemar,Matussevich,lmatussevichgp@state.gov,Umanday Centro,Paradise Now
603,Colby,Farrears,cfarrearsgq@hud.gov,Rifu,Zeisters (Fat Guy Goes Nutzoid)
604,Ailis,Whitewood,awhitewoodgr@lycos.com,Wau,"Last Metro, The (Dernier métro, Le)"
605,Nikki,Hicks,nhicksgs@twitter.com,Funes,"Run, Man, Run! (Corri uomo corri)"
606,Gualterio,Begent,gbegentgt@naver.com,Coruripe,"Last Dragon, The"
607,Bartholemy,Laxen,blaxengu@nsw.gov.au,Yasenskaya,Fighting Elegy (Kenka erejii)
608,Vida,Saxby,vsaxbygv@usda.gov,Baoping,State of Grace
609,Alfy,Clempton,aclemptongw@ucoz.ru,Jishan,Miss Bala
610,Maurise,Gouly,mgoulygx@stumbleupon.com,Xiji,Red Rock West
611,Rona,Cammock,rcammockgy@virginia.edu,Laifang,"Little Girl Who Conquered Time, The (Toki o kakeru shôjo)"
612,Samson,Drance,sdrancegz@addtoany.com,Nginjen,"Perfect Couple, A"
613,Nestor,Quoit,nquoith0@patch.com,Końskowola,Dreams (Kvinnodröm)
614,Jody,Raiman,jraimanh1@blogger.com,Dicamay,You Can't Win 'Em All
615,Marion,Oldford,moldfordh2@unc.edu,Norak,Out of the Blue (Aramoana)
616,Jayne,Bamfield,jbamfieldh3@twitter.com,Raposeira,"Kiss, The"
617,Hashim,Godar,hgodarh4@wisc.edu,Götene,Dead End Drive-In
618,Olive,Pugsley,opugsleyh5@topsy.com,Lazeshchyna,"Cincinnati Kid, The"
619,Prudence,Airs,pairsh6@si.edu,Nao,"Blueprint for Murder, A"
620,Marve,Ollerhead,mollerheadh7@miitbeian.gov.cn,Sundbyberg,"Pursuit of Happyness, The"
621,Madelyn,Ratcliff,mratcliffh8@nytimes.com,Xubao,Joe Gould's Secret
622,Jemimah,Heardman,jheardmanh9@desdev.cn,Potiskum,Gold Diggers of 1933
623,Melany,Gareisr,mgareisrha@answers.com,Parakanbeusi,Night Across the Street (La noche de enfrente)
624,Meryl,Ingledew,mingledewhb@alexa.com,Carvalho,Bad 25
625,Toby,Ivan,tivanhc@moonfruit.com,San Miguel,Shock Waves
626,Alfred,Benedek,abenedekhd@goodreads.com,Libuganon,"Watcher, The"
627,Agneta,Hellyar,ahellyarhe@aboutads.info,Rybinsk,Some Kind of Hero
628,Brodie,Schriren,bschrirenhf@noaa.gov,Zouila,Dirty Mary Crazy Larry
629,Marven,Gobourn,mgobournhg@plala.or.jp,Sobreira,"Uninvited, The"
630,Maurine,Oselton,moseltonhh@shareasale.com,Lagunillas,On Any Sunday
631,Aharon,Ruckert,aruckerthi@netscape.com,Fuding,Gleason
632,Leanor,Crutchley,lcrutchleyhj@mozilla.com,Margoyoso,Blood Done Sign My Name
633,Zacharie,Palin,zpalinhk@google.it,Simao,We Are The Night (Wir sind die Nacht)
634,Shepherd,Bosdet,sbosdethl@theglobeandmail.com,Dagang,Catch-22
635,Zelma,Beevis,zbeevishm@blogtalkradio.com,Rače,Divergent
636,Brit,Twopenny,btwopennyhn@wufoo.com,Tiaong,Criminal Justice
637,Aveline,Callway,acallwayho@hugedomains.com,Pittsburgh,F/X
638,Sibylla,Prickett,spricketthp@ehow.com,Shunling,Max Payne
639,Reuven,Bowler,rbowlerhq@comcast.net,Zhangdun,Sometimes They Come Back
640,Kerk,Goodrum,kgoodrumhr@virginia.edu,Alta Gracia,Weekender
641,Loren,Haggerwood,lhaggerwoodhs@theatlantic.com,København,UHF
642,Fanni,Tomblett,ftomblettht@nih.gov,Vicente Guerrero,Machine Gun Preacher
643,Aleta,O'Carrol,aocarrolhu@shutterfly.com,Igcocolo,Night of the Ghouls
644,Alyson,Pochet,apochethv@craigslist.org,Karlskrona,Stardust
645,Jackson,Sare,jsarehw@dropbox.com,Changshu City,Nothing Sacred
646,Martica,Fike,mfikehx@so-net.ne.jp,Gjoçaj,Rififi (Du rififi chez les hommes)
647,Damara,Pancost,dpancosthy@rediff.com,Baizhang,Temptress Moon (Feng Yue)
648,Shamus,Alessandretti,salessandrettihz@nps.gov,Kavála,"Frozen, The"
649,Ludwig,Alleyn,lalleyni0@paypal.com,Changhao,Night and Day
650,Daisi,Aldcorn,daldcorni1@blogspot.com,Dřevohostice,Hype!
651,Gibby,Skeemer,gskeemeri2@bloglines.com,Tirapata,"Blind Swordsman: Zatoichi, The (Zatôichi)"
652,Con,Cornejo,ccornejoi3@mapy.cz,Kaca,Sergeant Rutledge
653,Shepperd,Kuban,skubani4@arstechnica.com,Soldato-Aleksandrovskoye,Mindhunters
654,Gothart,Lemon,glemoni5@va.gov,Ficksburg,Michael Collins
655,Renee,Rihosek,rrihoseki6@nytimes.com,Nagrumbuan,Rock 'n' Roll Nightmare
656,Quinn,Sandbatch,qsandbatchi7@wp.com,Sabana de Parra,One Missed Call
657,Marcia,Omrod,momrodi8@irs.gov,Mairiporã,Code 46
658,Ignazio,Iskow,iiskowi9@berkeley.edu,Jalatrang,Paulie
659,Gaston,Northwood,gnorthwoodia@umich.edu,La Ensenada,Nixon by Nixon: In His Own Words
660,Obidiah,Dillamore,odillamoreib@usda.gov,Molinos,"Hangover, The"
661,Kirsti,Pinsent,kpinsentic@engadget.com,Morelos,New Rose Hotel
662,Erin,Alliban,eallibanid@oakley.com,Inongo,Fuck Up
663,Stafford,Rutigliano,srutiglianoie@nsw.gov.au,Dois Portos,"Point, The"
664,Georgie,Addyman,gaddymanif@flickr.com,Longhua,Godzilla vs. Gigan (Chikyû kogeki meirei: Gojira tai Gaigan)
665,Saudra,Jones,sjonesig@cnbc.com,Zhangyang,Phase IV
666,Cecily,Redwall,credwallih@trellian.com,Barra,We Steal Secrets: The Story of WikiLeaks
667,Tori,Statersfield,tstatersfieldii@clickbank.net,Hatton,Temptation (Tentação)
668,Van,Durtnel,vdurtnelij@sciencedaily.com,Stockholm,"Godzilla, Mothra, and King Ghidorah: Giant Monsters All-Out Attack (Gojira, Mosura, Kingu Gidorâ: Daikaijû sôkôgeki) (Godzilla, Mothra and King Ghidorah: Giant Monsters All-Out Attack)"
669,Minnaminnie,Slimon,mslimonik@cnet.com,Ayagoz,Marnie
670,Zollie,Maron,zmaronil@exblog.jp,Lamongan,We Are Young. We Are Strong.
671,Gauthier,Kilfedder,gkilfedderim@weibo.com,Biito,Ashura
672,Noelle,Hudd,nhuddin@redcross.org,Zalaegerszeg,"Bucket Of Blood, A"
673,Joseph,Shout,jshoutio@sciencedirect.com,Kuala Lumpur,Among Wolves (Entrelobos)
674,Dorian,Keatch,dkeatchip@upenn.edu,Biguo,"Ugly Duckling and Me!, The"
675,Dorian,Greest,dgreestiq@hhs.gov,Cipanggung,Volver
676,Chelsy,McComb,cmccombir@oracle.com,Lazaro Cardenas,Now Where Did the Seventh Company Get to? (Mais où est donc passée la 7ème compagnie)
677,Junina,Couldwell,jcouldwellis@wp.com,Santa Ana,Gappa: The Triphibian Monsters (AKA Monster from a Prehistoric Planet) (Daikyojû Gappa)
678,Janet,Marchiso,jmarchisoit@yahoo.com,Lengkongjaya,Beneath the Rooftops of Paris (Sous les toits de Paris)
679,Stewart,Englefield,senglefieldiu@weibo.com,Braunschweig,Bloodline
680,Mireille,Brodnecke,mbrodneckeiv@people.com.cn,Uwajima,The Hound of the Baskervilles
681,Camella,Jacombs,cjacombsiw@simplemachines.org,Megalochórion,Double Indemnity
682,Atlanta,Fosserd,afosserdix@fema.gov,Sentani,Freeway
683,Reggie,Born,rborniy@answers.com,Černá Hora,Modern Times
684,Charlot,Gout,cgoutiz@cafepress.com,Debre Tabor,Ocean's Eleven
685,Bobbie,Gergher,bgergherj0@nymag.com,Budapest,Death and the Maiden
686,Karel,Ollcott,kollcottj1@so-net.ne.jp,Piątnica,Awesome; I Fuckin Shot That!
687,Dannie,Congrave,dcongravej2@discovery.com,Xinpu,Shadowzone
688,Sal,Sweetlove,ssweetlovej3@plala.or.jp,Qingyuan,Vampire in Venice (Nosferatu a Venezia) (Nosferatu in Venice)
689,Tisha,Whitman,twhitmanj4@quantcast.com,Ganpu,"Seven Year Itch, The"
690,Francene,Huckabe,fhuckabej5@ezinearticles.com,Seč,Whitecoats
691,Merridie,Morrissey,mmorrisseyj6@ask.com,Huangbu,"Good Son, The"
692,La verne,Doward,ldowardj7@rakuten.co.jp,Al Ḩammāmāt,SLC Punk!
693,Dorene,Alabaster,dalabasterj8@myspace.com,Sinait,Robin Hood
694,Charmane,Zuan,czuanj9@newsvine.com,"Palmas De Gran Canaria, Las",Smashing Pumpkins: Vieuphoria
695,Filbert,Bergeon,fbergeonja@squidoo.com,Cieplice Śląskie Zdrój,Shattered Image
696,Vladimir,Ezzell,vezzelljb@is.gd,Bol’shoye Selo,"Science of Sleep, The (La science des rêves)"
697,Sergei,Cleverley,scleverleyjc@ft.com,Punkalaidun,"Life and Death of Peter Sellers, The"
698,Bibbie,Bordis,bbordisjd@newyorker.com,Monaghan,Dragonfly
699,Cullin,Escofier,cescofierje@zdnet.com,Werasari,"Killer Inside Me, The"
700,Finley,Beaty,fbeatyjf@pbs.org,Pilar do Sul,Vlad
701,Rudyard,Pattenden,rpattendenjg@whitehouse.gov,Songjiang,Beyond Hypothermia (Sip si 32 doe)
702,Ursola,Littledike,ulittledikejh@who.int,Girang,"Bostonians, The"
703,Nils,Stelfax,nstelfaxji@yelp.com,Siliana,Special
704,Adriana,Cartmale,acartmalejj@icq.com,Cumadcad,"Taste of Others, The (Le goût des autres)"
705,Laure,Swaby,lswabyjk@bloomberg.com,Rodnikovskaya,Close Encounters of the Third Kind
706,Madison,Manchester,mmanchesterjl@mapquest.com,Jebba,Hail Caesar
707,Lennard,Syer,lsyerjm@addthis.com,Mapou,"Kiss, The"
708,Irene,Applewhaite,iapplewhaitejn@whitehouse.gov,Kristiansand S,"Fine, Totally Fine (Zenzen Daijobu)"
709,Jaquelyn,Fleetham,jfleethamjo@reuters.com,Hope,Dance Me Outside
710,Roddie,McKay,rmckayjp@tripod.com,Obudovac,Hope and Glory
711,Zorah,Scones,zsconesjq@nsw.gov.au,Mel’nikovo,Adam and Eve (Adão e Eva)
712,Rubetta,Samarth,rsamarthjr@mayoclinic.com,Nkayi,Getting In
713,Nerty,Yakutin,nyakutinjs@ocn.ne.jp,Kruševac,Bright Future (Akarui mirai)
714,Vince,Lampett,vlampettjt@patch.com,Ban Dung,What's the Worst That Could Happen?
715,Mureil,Engelbrecht,mengelbrechtju@google.de,Xiaotang,"Ernest Film Festival, The"
716,Rusty,Rose,rrosejv@vistaprint.com,Stockholm,HE Who Gets Slapped
717,Edmon,Ginty,egintyjw@va.gov,Pondokrejo Wetan,Clandestine Childhood
718,Sutherlan,Ollenbuttel,sollenbutteljx@51.la,Perpignan,Eden Is West (Eden à l'Ouest)
719,Raymund,Maxweell,rmaxweelljy@shop-pro.jp,Liqi,Wuthering Heights
720,Guillaume,Pulster,gpulsterjz@behance.net,Ngembel,Favorite Deadly Sins
721,Armand,Casaroli,acasarolik0@liveinternet.ru,Krzyżowice,"Perfect Human, The (Perfekte Menneske, Det)"
722,Bellina,Haddock,bhaddockk1@alexa.com,Ljutomer,Let the Fire Burn
723,Bale,Prestige,bprestigek2@businesswire.com,Puerto Santander,"I Love You, Man"
724,Marylinda,Lardnar,mlardnark3@instagram.com,Saint-Quentin-en-Yvelines,This Is the Night
725,Maure,Woodus,mwoodusk4@google.it,Alto del Espino,Alvin and the Chipmunks: Chipwrecked
726,Mohandas,Jakaway,mjakawayk5@digg.com,Cam Ranh,Nuns on the Run
727,Mallissa,Muggleston,mmugglestonk6@gmpg.org,Shi’ao,Bloody Mama
728,Edsel,Spyby,espybyk7@topsy.com,Denver,Bullets Don't Argue
729,Dagmar,Orrey,dorreyk8@nps.gov,Long Beach,"Law of Desire (Ley del deseo, La)"
730,Ashlie,Juzek,ajuzekk9@nih.gov,Erdao,Haunted Honeymoon
731,Bev,Wille,bwilleka@businessweek.com,Bello,"Seventh Continent, The (Der siebente Kontinent)"
732,Barbe,Kaasmann,bkaasmannkb@upenn.edu,Brasília de Minas,"Night Porter, The (Portiere di notte, Il)"
733,Shem,Camm,scammkc@163.com,Sukhobezvodnoye,Empire of Silver (Bai yin di guo)
734,Ker,Lydon,klydonkd@whitehouse.gov,Santa Lucia,Coronado
735,Conchita,Wynter,cwynterke@lulu.com,Krajan,Dakota Skye
736,Felicio,Guyver,fguyverkf@mapquest.com,Salavat,Pokémon the Movie: White - Victini and Zekrom
737,Edita,Soppeth,esoppethkg@scientificamerican.com,Az Zabadānī,Trade
738,Cherianne,Tilby,ctilbykh@time.com,Canauay,Year of the Jellyfish (L'année des méduses)
739,Loralee,Spaldin,lspaldinki@histats.com,Khōshāmand,Love and Pigeons
740,Pavia,Ratazzi,pratazzikj@addtoany.com,Hujirt,Mischief
741,Gustavus,Ingledew,gingledewkk@acquirethisname.com,Zubūbah,M
742,Matty,Dumbleton,mdumbletonkl@bing.com,Sotteville-lès-Rouen,Any Day Now
743,Mada,Wisdish,mwisdishkm@icio.us,Yanshou,Eddie Izzard: Glorious
744,Harlene,Vant,hvantkn@desdev.cn,Nakhon Sawan,Carmen
745,Iorgos,Rout,iroutko@a8.net,Shajia’ao,"Musketeer, The"
746,Hildagarde,Jasiak,hjasiakkp@thetimes.co.uk,Tarhuna,Gremlins 2: The New Batch
747,Melinde,Pinnion,mpinnionkq@hubpages.com,Yerba Buena,"Report, The (Gozaresh)"
748,Carie,Bathowe,cbathowekr@google.cn,Talhār,Fuck
749,Sawyer,Galliver,sgalliverks@chicagotribune.com,Bonneville,"Three Burials of Melquiades Estrada, The"
750,Glendon,Gookey,ggookeykt@dropbox.com,Selebi-Phikwe,Confessions of a Gangsta
751,Jesse,Edgeon,jedgeonku@hatena.ne.jp,Dadong,Benji 
752,Hank,Hrus,hhruskv@multiply.com,Nowy Staw,Quartet
753,Malinda,Sussams,msussamskw@myspace.com,Chaoyang,Kisses for My President
754,Joice,Revitt,jrevittkx@wix.com,Norrtälje,"Inbetweeners 2, The"
755,Sheri,Packman,spackmanky@bandcamp.com,Kardzhin,Mrs. Miniver
756,Ronny,Mocquer,rmocquerkz@time.com,Baijiang,India: Matri Bhumi
757,Lorenzo,Sukbhans,lsukbhansl0@cisco.com,Leribe,"Tribe, The (Plemya)"
758,Eva,Kenright,ekenrightl1@bloglines.com,Xinghua,Jungle de Ikou (Jungre de Ikou)
759,Shell,Alf,salfl2@livejournal.com,Krajan Karangwage,Vesku from Finland (Vesku)
760,Leona,Broadstock,lbroadstockl3@ucoz.ru,Azinhal,The Big Flame
761,Chiquia,Waiting,cwaitingl4@comcast.net,Laweueng,120
762,Lettie,Petrou,lpetroul5@amazon.co.jp,Dusun Desa Bunter,Enter the Void
763,Caron,Veal,cveall6@sina.com.cn,Sacanche,My Friend Flicka
764,Edi,Baldin,ebaldinl7@google.com.au,Wiri,Behind the Screen
765,Christi,Neiland,cneilandl8@paypal.com,Suidong,Deepstar Six
766,Hortense,Luxen,hluxenl9@nih.gov,Pyrzyce,Let It Be
767,Norris,Triebner,ntriebnerla@sohu.com,Santo Niño,"Next Man, The"
768,Glenine,Girhard,ggirhardlb@wordpress.org,Чегране,"Day in the Life, A"
769,Tabbie,Finessy,tfinessylc@t.co,Klemunan,"Way South, The (De weg naar het zuiden)"
770,Edy,Scurry,escurryld@nifty.com,Moulins,Land Ho!
771,Chelsie,Orbine,corbinele@marriott.com,Isak,"Ipcress File, The"
772,Waneta,Ogelbe,wogelbelf@discuz.net,Purwosari,Biker Boyz
773,Hesther,Buckland,hbucklandlg@msn.com,Same,"Housemaid, The (Hanyo)"
774,Sergio,Juanico,sjuanicolh@redcross.org,Shangfang,Jackboots on Whitehall
775,Clerissa,Bestall,cbestallli@1688.com,Guagua,"Other Side of Midnight, The"
776,Rustin,Preshaw,rpreshawlj@blinklist.com,Guradog,"Private Eyes, The"
777,Forester,Mullany,fmullanylk@creativecommons.org,Rogongon,Ip Man 2
778,Gayler,De Gregorio,gdegregorioll@microsoft.com,Mayakovski,Tom Sawyer
779,Vivianne,Rival,vrivallm@comsenz.com,Hengdian,Charade
780,Maybelle,Gary,mgaryln@vimeo.com,Shatian,Carry on Cabby
781,Harriott,Djokovic,hdjokoviclo@ovh.net,Meijiang,Cleopatra
782,Melanie,Trunby,mtrunbylp@blogger.com,Keboireng,"Three Musketeers, The"
783,Beryle,Handslip,bhandsliplq@hostgator.com,Perpignan,Nobody Lives Forever
784,Terrie,Pumfrey,tpumfreylr@qq.com,Svetlyy,"Five Senses, The"
785,Oren,Narrie,onarriels@icq.com,Xiaohenglong,Almanya - Welcome to Germany (Almanya - Willkommen in Deutschland)
786,Glyn,Stanmore,gstanmorelt@businesswire.com,Jinnan,The Cyclone
787,Deeyn,Bannester,dbannesterlu@ted.com,Pai do Vento,"Whom the Gods Wish to Destroy (Nibelungen, Teil 1: Siegfried, Die)"
788,Danette,Aliberti,dalibertilv@bbc.co.uk,Santiago do Cacém,Bob Saget: That Ain't Right
789,Zulema,Schapero,zschaperolw@yelp.com,Purorejo,Charlie Chan in Honolulu
790,Lyell,Curdell,lcurdelllx@mapquest.com,Jasper Park Lodge,Just Cause
791,Harold,Densell,hdensellly@buzzfeed.com,Strasbourg,Street of Shame (Akasen chitai)
792,Lilias,Jacobs,ljacobslz@4shared.com,Jayyūs,Dinosaurus!
793,Margareta,Repp,mreppm0@psu.edu,Fort Dauphin,Snake River Desperadoes
794,Franchot,Valentin,fvalentinm1@vk.com,Wonosari,Date Night
795,Chelsea,Flowitt,cflowittm2@youku.com,Ifakara,"Lady Vanishes, The"
796,Germain,Krebs,gkrebsm3@cargocollective.com,Bantay,Bellflower
797,Lola,Rodenhurst,lrodenhurstm4@nps.gov,Zgornje Gorje,Waking Up in Reno
798,Koren,Wraight,kwraightm5@webeden.co.uk,Gravelbourg,No Highway in the Sky
799,Hazlett,Trim,htrimm6@discovery.com,Pursat,High School
800,Erina,Furtado,efurtadom7@google.fr,Waipukang,Freeze Frame
801,Vidovic,Ovey,voveym8@godaddy.com,Hāfizābād,How Wang-Fo Was Saved (Comment Wang-Fo fut sauvé)
802,Shanon,Zoppie,szoppiem9@aol.com,Karanganyar,Cialo
803,Cristie,Camellini,ccamellinima@ucoz.ru,Taveiro,Muriel's Wedding
804,Iormina,Farney,ifarneymb@netlog.com,Shencang,"Flock, The"
805,Jana,Testro,jtestromc@hud.gov,Ninghai,"Garage, The"
806,Rianon,Oats,roatsmd@etsy.com,Anicuns,Behind the Mask: The Rise of Leslie Vernon
807,William,Taks,wtaksme@usa.gov,Enzan,Heroic Cops (Jing wang shuang xiong)
808,Devi,Garlic,dgarlicmf@sphinn.com,Kampungmasjid,Knight of Cups
809,Darell,Habert,dhabertmg@state.gov,Sigaozhuang,Saw V
810,Aubert,Btham,abthammh@miitbeian.gov.cn,Anjani Barat,Slumber Party '57
811,Omar,Verdon,overdonmi@vistaprint.com,Banjar Petak,"Sweeney, The"
812,Chandal,Alasdair,calasdairmj@toplist.cz,Ruda-Huta,"Actress, the Dollars and the Transylvanians, The (Artista, dolarii si Ardelenii)"
813,Gregorius,Messam,gmessammk@yellowbook.com,Miras,Mother India
814,Giustino,Gyves,ggyvesml@businesswire.com,Uubulan,Beauty Prize
815,Linnie,Cromley,lcromleymm@mlb.com,Volovo,National Lampoon's Van Wilder: The Rise of Taj
816,Cheryl,McKeevers,cmckeeversmn@pcworld.com,Palama,Trick or Treat
817,Renaldo,Bulfoy,rbulfoymo@gizmodo.com,Göteborg,Destroyer
818,Albrecht,Pratty,aprattymp@cnn.com,Yamada,Blank Check
819,Webster,Wotton,wwottonmq@squidoo.com,Aulnay-sous-Bois,The Sea Chase
820,Amalie,Soughton,asoughtonmr@nytimes.com,Petukhovo,"Tetsuo, the Ironman (Tetsuo)"
821,Emmett,Nunn,enunnms@miibeian.gov.cn,Altay,"Show of Force, A"
822,Pen,Burkhill,pburkhillmt@home.pl,Banyulegi,Abbott and Costello in the Foreign Legion
823,Efrem,Agget,eaggetmu@ca.gov,Bromma,Race
824,Rick,Pascall,rpascallmv@npr.org,Kayu Agung,Death Warrant
825,Minta,Lawlan,mlawlanmw@meetup.com,Berëzovyy,Burrowing (Man tänker sitt)
826,Tybie,Spurr,tspurrmx@sakura.ne.jp,Lutou,High Sierra
827,Page,Siddle,psiddlemy@hubpages.com,Santa Teresa,Enchanted April
828,Xever,Cotton,xcottonmz@surveymonkey.com,Cachada,Superproduction (Superprodukcja)
829,Clem,Wingham,cwinghamn0@yolasite.com,Suchen,Rush Hour 3
830,Pippo,Astall,pastalln1@simplemachines.org,Osasco,Wild Strawberries (Smultronstället)
831,Kristine,Spaduzza,kspaduzzan2@tmall.com,Jingling,Three Guys Named Mike
832,Cheri,Sigsworth,csigsworthn3@xing.com,Solna,"Irony of Fate, or Enjoy Your Bath! (Ironiya sudby, ili S legkim parom!)"
833,Ruth,Megroff,rmegroffn4@meetup.com,Zhongxing,Experiment Perilous
834,Alyss,Duncklee,adunckleen5@moonfruit.com,Joypur Hāt,Pearl Harbor
835,Ninnette,Binks,nbinksn6@cloudflare.com,Xinhe,Deadline (Sprängaren)
836,Gaelan,Austen,gaustenn7@shinystat.com,Xinxing,"Fast & Furious (Fast and the Furious 4, The)"
837,Eba,Arkwright,earkwrightn8@ocn.ne.jp,Beiwenquan,Twilight of the Ice Nymphs
838,Barri,Lewer,blewern9@bloglovin.com,Furudate,Fados
839,Isabelita,Cherrett,icherrettna@nasa.gov,Ágios Efstrátios,The Sea Chase
840,Chloette,Anthoney,canthoneynb@epa.gov,Bafoulabé,Taken 3
841,Aubrie,Dunkersley,adunkersleync@studiopress.com,Lyubashivka,Saint John of Las Vegas
842,Ernie,Tregona,etregonand@walmart.com,Néa Mákri,"Poker House, The"
843,Kayla,Vernau,kvernaune@facebook.com,El Pao,"Cannonball Run, The"
844,Dione,Haydn,dhaydnnf@jimdo.com,Zhenqiao,"Sitter, The"
845,Clayborne,Filkov,cfilkovng@usatoday.com,Toulon,Clay Pigeons
846,Lydia,Gianelli,lgianellinh@altervista.org,Tyret’ Pervaya,"Cruel Romance, A (Zhestokij Romans)"
847,Dominica,Westhofer,dwesthoferni@wsj.com,København,"Hunter, The"
848,Gran,Fairbrass,gfairbrassnj@privacy.gov.au,Fort Lauderdale,"Doctor Takes a Wife, The"
849,Sean,Lefort,slefortnk@europa.eu,Sambongmulyo,"Brothers Solomon, The"
850,Ambrosi,Mumm,amummnl@joomla.org,Partenit,Road to Utopia
851,Benedetta,Trewinnard,btrewinnardnm@mac.com,Asunción,Boxing Gym
852,Faina,Dottrell,fdottrellnn@seesaa.net,Mucurapo,Ray Harryhausen: Special Effects Titan
853,Helen,Arkcoll,harkcollno@house.gov,Ar Ramāḑīn,P.U.N.K.S
854,Antonietta,Copley,acopleynp@wsj.com,Noda,Hitler: A Film from Germany (Hitler - ein Film aus Deutschland)
855,Doyle,Verdun,dverdunnq@instagram.com,Cipicung Timur,Without a Paddle
856,Uta,Skeen,uskeennr@craigslist.org,Huntsville,Coma
857,Umeko,Stachini,ustachinins@twitpic.com,Pacaycasa,Return to Sender
858,Barry,Hubbard,bhubbardnt@1und1.de,Capira,A Cinderella Story: Once Upon a Song
859,Clemmie,Piel,cpielnu@ibm.com,Sidaraja,Trauma
860,Adda,Caudell,acaudellnv@google.co.uk,Pojok,Bandaged
861,Gustave,Beagin,gbeaginnw@chron.com,Yengimahalla,Evita
862,Berkley,Cottrell,bcottrellnx@exblog.jp,Tres Arroyos,Six Pack
863,Cati,Bott,cbottny@naver.com,Flor da Mata,Norma Rae
864,Meggi,Heck,mhecknz@google.com.au,London,El chocolate del loro
865,Toinette,Clyma,tclymao0@ucla.edu,Charleville-Mézières,"Dark at the Top of the Stairs, The"
866,Christoper,Pattini,cpattinio1@europa.eu,Young America,Omar
867,Cordell,McElwee,cmcelweeo2@storify.com,Masku,"Betrayed (True and the Brave, The)"
868,Gregor,Giorio,ggiorioo3@ucla.edu,Privlaka,Cinema Paradiso (Nuovo cinema Paradiso)
869,Davon,Bartaletti,dbartalettio4@umich.edu,Ta Khmau,"City of Violence, The (Jjakpae)"
870,Roma,Chimes,rchimeso5@elegantthemes.com,Balud,Crazy Horse
871,Arv,Aldus,aalduso6@storify.com,El Alto,Great!
872,Tallie,Capsey,tcapseyo7@gov.uk,Mets Parni,Beck - Rum 302
873,Veronike,Ruecastle,vruecastleo8@weibo.com,Zoumi,"Funny Thing Happened on the Way to the Forum, A"
874,Anneliese,Riccardo,ariccardoo9@zimbio.com,Chapadinha,Rent-A-Cop
875,Annie,Simo,asimooa@comcast.net,Marcos Juárez,Videocracy (Videocracy - Basta apparire)
876,Courtnay,Pedrocco,cpedroccoob@trellian.com,Jingzi,Freeze Frame
877,Cullan,Cholmondeley,ccholmondeleyoc@chicagotribune.com,Loimaan Kunta,Gospa
878,Anabal,Pringuer,apringuerod@irs.gov,Nofoali‘i,A Flintstones Christmas Carol
879,Moore,Gosnoll,mgosnolloe@freewebs.com,Jablonné nad Orlicí,Bottle Shock
880,Lesley,Redihough,lredihoughof@oaic.gov.au,Itaúna,Safe Passage
881,Misty,Gilphillan,mgilphillanog@twitpic.com,Conceição da Feira,Gun Fury
882,Consuelo,Gerrell,cgerrelloh@technorati.com,Al Ma‘allā’,Riffraff
883,Gillie,De Cleyne,gdecleyneoi@t-online.de,Fukuoka-shi,Prime Suspect 7: The Final Act
884,Wyn,Ribbens,wribbensoj@home.pl,Mosquera,"Culture High, The"
885,Jaquelyn,Gosz,jgoszok@wikimedia.org,Bali,Bill Hicks: Sane Man
886,Sergio,O'Tierney,sotierneyol@t-online.de,Fatikchari,Free the Nipple
887,Derril,Kohn,dkohnom@furl.net,Guxian,Family Business
888,Nananne,Giffard,ngiffardon@issuu.com,Doumen,"Fog of War: Eleven Lessons from the Life of Robert S. McNamara, The"
889,Brita,Sedgefield,bsedgefieldoo@photobucket.com,Montpellier,The Sea That Thinks
890,Dasi,Arbon,darbonop@pcworld.com,Shuikou,Elephant
891,York,Rankine,yrankineoq@unicef.org,Houbai,Interrogation (Przesluchanie)
892,Ilyse,McEwen,imcewenor@nps.gov,Masjid,Moolaadé
893,Raynell,Armor,rarmoros@eepurl.com,Lenger,Othello
894,Parsifal,Vergo,pvergoot@odnoklassniki.ru,Dingqiao,Harold & Kumar Escape from Guantanamo Bay
895,Hamil,Jepp,hjeppou@goo.gl,Novoselë,Return to Peyton Place
896,Friederike,Clerk,fclerkov@telegraph.co.uk,Zhongyuan,"Mod Squad, The"
897,Moselle,Edmenson,medmensonow@wikia.com,Lazaro Cardenas,Sacrifice (Zhao shi gu er)
898,Boigie,Faber,bfaberox@loc.gov,Vadstena,Dans la peau d'une grande
899,Stephanus,Balnaves,sbalnavesoy@webnode.com,Juan de Acosta,"Mighty Macs, The"
900,Reinald,Dunsire,rdunsireoz@oracle.com,Ushuaia,Wuthering Heights
901,Scot,Pigeram,spigeramp0@japanpost.jp,Dërmënas,Triangle
902,Pavla,Knill,pknillp1@fotki.com,Kortowo,Slipstream
903,Bearnard,Olding,boldingp2@google.es,Putrajaya,"Ballad of Narayama, The (Narayama bushiko)"
904,Reta,Rillstone,rrillstonep3@bloglines.com,Ronov nad Doubravou,Free Willy 3: The Rescue
905,Gerry,Berrane,gberranep4@google.cn,Ramos West,Rebirth of Mothra II
906,Zora,Dancy,zdancyp5@multiply.com,Bayanhongor,Futurama: Bender's Game
907,Brett,Massimi,bmassimip6@ask.com,Aldeia da Mata,Bill Cunningham New York
908,Giffer,Inkin,ginkinp7@google.nl,Zhongchao,Rain Over Santiago (Il pleut sur Santiago)
909,Fleur,Bullion,fbullionp8@vimeo.com,Kumanovo,Confetti
910,Margarita,Biesterfeld,mbiesterfeldp9@about.com,Ruixi,Cannonball Run II
911,Helenka,Yeld,hyeldpa@si.edu,Szczecinek,"Bitch, The (La chienne)"
912,Lynde,Crick,lcrickpb@uiuc.edu,Aracaju,Fearful Symmetry: The Making of 'To Kill a Mockingbird'
913,Betta,Topping,btoppingpc@unc.edu,Senanga,Grand Masti
914,Kelvin,Beric,kbericpd@nbcnews.com,Belfast,"Chronicles of Riddick, The"
915,Maxi,Pesselt,mpesseltpe@opera.com,Kudinovo,"Family, The (Famiglia, La)"
916,Reginald,Cantwell,rcantwellpf@4shared.com,Melun,Our Daily Bread (Unser täglich Brot)
917,Nady,Ambler,namblerpg@artisteer.com,Staronizhestebliyevskaya,"47 Ronin, The (Genroku Chûshingura)"
918,Heda,Benning,hbenningph@irs.gov,Penengahan,"Law of Enclosures, The"
919,Ursuline,Felder,ufelderpi@admin.ch,Kuta,Love Is News
920,Janet,Noddle,jnoddlepj@ocn.ne.jp,Sosnovka,"Scorpion King 3: Battle for Redemption, The"
921,Godart,Sauniere,gsaunierepk@state.gov,Mekarjaya,Pontiac Moon
922,Mahmud,Petz,mpetzpl@edublogs.org,Veiga,Spanish Fly
923,Justis,Vela,jvelapm@umn.edu,Metsavan,Crows and Sparrows (Wuya yu maque)
924,Kassandra,Challace,kchallacepn@indiegogo.com,Miharu,Blackout
925,Iago,Almeida,ialmeidapo@prweb.com,Hofors,"Dunwich Horror, The"
926,Elana,Beneyto,ebeneytopp@yellowbook.com,Apodi,Primeval
927,Donalt,Absolem,dabsolempq@intel.com,Cimitarra,Faces of Death: Fact or Fiction?
928,Klarrisa,McHarry,kmcharrypr@theglobeandmail.com,Perelyub,"Wrong Box, The"
929,Alasdair,Pudsall,apudsallps@mapy.cz,Sørvágur,Loner (Woetoli)
930,Zena,Scutcheon,zscutcheonpt@mapquest.com,Iqaluit,Closer to the Moon
931,Jilleen,Swancock,jswancockpu@paypal.com,Awjilah,Somebody Up There Likes Me
932,Kelly,Orrow,korrowpv@oracle.com,La Quiaca,Captive Heart: The James Mink Story
933,Drucill,Dominiak,ddominiakpw@clickbank.net,Maluko,"Too Early, Too Late (Trop tôt, trop tard)"
934,Roxy,Chape,rchapepx@ted.com,San Felipe Old,Love Jones
935,Jeremy,Noorwood,jnoorwoodpy@yahoo.com,Shatian,Nothing Sacred
936,Wendeline,Coplestone,wcoplestonepz@google.es,Shenshan,"Thief, The (Vor)"
937,Roarke,Hoonahan,rhoonahanq0@gnu.org,Springfield,"Promise, The (La promesse)"
938,Eduard,Capinetti,ecapinettiq1@artisteer.com,Volodarka,Mr. 3000
939,Thaine,Faires,tfairesq2@un.org,Shūkat aş Şūfī,Fearless Hyena II (Long teng hu yue)
940,Budd,Stockings,bstockingsq3@shutterfly.com,Qiaozhuang,Wisdom
941,Allsun,Heinecke,aheineckeq4@e-recht24.de,Garden Grove,Preaching to the Perverted
942,Johnette,Marcum,jmarcumq5@ustream.tv,Bārah,"South, The (Lomalla)"
943,Cornelius,Kiltie,ckiltieq6@amazon.de,Trondheim,The Girl from Nagasaki
944,Jarid,de Courcey,jdecourceyq7@tmall.com,Roissy Charles-de-Gaulle,Faithless (Trolösa)
945,Matteo,Filtness,mfiltnessq8@is.gd,Zheyuan,Proxy
946,Uta,Pourveer,upourveerq9@house.gov,Bandaran,"Rack, The"
947,Rurik,Wisdom,rwisdomqa@creativecommons.org,Oemofa,Blood and Black Lace (Sei donne per l'assassino)
948,Bekki,Spikings,bspikingsqb@jalbum.net,Ciengang,My Bloody Valentine
949,Spencer,Errigo,serrigoqc@pbs.org,Ingenio La Esperanza,Crackerjack
950,Desdemona,Daykin,ddaykinqd@histats.com,São Bento do Sul,"Fireman, The"
951,Gwenni,Gookey,ggookeyqe@amazon.co.uk,Venda do Alcaide,Jesse Stone: No Remorse
952,Betta,Albrighton,balbrightonqf@oakley.com,Khasht’arrak,Open Season
953,Dannie,Santore,dsantoreqg@huffingtonpost.com,Huo’erqi,"Beast with a Million Eyes, The"
954,Elizabeth,Frensch,efrenschqh@hhs.gov,Capilla del Monte,"Four Feathers, The"
955,Cally,Leafe,cleafeqi@google.com.hk,Corrego Grande,Holocaust
956,Chauncey,Mitcham,cmitchamqj@prlog.org,Ronfe,Tank Girl
957,Jordan,Erasmus,jerasmusqk@google.com.br,Runaway Bay,Cat Run
958,Jamal,Brahams,jbrahamsql@i2i.jp,Xuanbao,Lady for a Day
959,Fredrika,Alsina,falsinaqm@bbb.org,Bolszewo,"Deceivers, The"
960,Stefanie,Fullard,sfullardqn@webmd.com,Rendeng,Six Weeks
961,Gracia,Leigh,gleighqo@nifty.com,Ho,"Good Man in Africa, A"
962,Christabel,Lingner,clingnerqp@sciencedirect.com,Emiliano Zapata,"Art of War II: Betrayal, The"
963,Beverley,Barling,bbarlingqq@angelfire.com,Loreto,Wu yen
964,Haily,Alpin,halpinqr@google.co.jp,Tatarka,The Shoe
965,Shelagh,Britland,sbritlandqs@ftc.gov,Sremčica,Blondie on a Budget
966,Emmi,Bryce,ebryceqt@simplemachines.org,Hongjiang,"Bandit, The (Eskiya)"
967,Pierce,Yeo,pyeoqu@dmoz.org,Tinampo,You're a Big Boy Now
968,Hendrik,Tilzey,htilzeyqv@msu.edu,Cam Lộ,"Man, Woman and Beast (L'uomo la donna e la bestia)"
969,Suzanne,Brave,sbraveqw@discovery.com,Ungus-Ungus,"Study in Scarlet, A"
970,Gena,Willshear,gwillshearqx@cnn.com,Pallisa,Justin and the Knights of Valour
971,Colet,Christescu,cchristescuqy@mozilla.org,Umeå,Nocturno 29
972,Pinchas,Fried,pfriedqz@jugem.jp,Yolöten,Lammbock
973,Jay,Brazelton,jbrazeltonr0@angelfire.com,La Huerta,The Hire: Powder Keg
974,Winny,MacGarvey,wmacgarveyr1@nasa.gov,Trzebinia,Aliyah (Alyah) 
975,Rey,Slingsby,rslingsbyr2@sohu.com,Umeå,"Stranger in Town, A"
976,Dominik,Caughan,dcaughanr3@mtv.com,Santa Maria da Feira,Tarzan the Ape Man
977,Neale,Retallick,nretallickr4@hostgator.com,Buíque,The Great Scout & Cathouse Thursday
978,Herculie,Nolleth,hnollethr5@cdbaby.com,Edsbyn,Affair in Trinidad
979,Wynnie,Camel,wcamelr6@barnesandnoble.com,Piekoszów,Swamp Water
980,Mort,Fitter,mfitterr7@economist.com,Fresno,Blindsight
981,Christine,Columbell,ccolumbellr8@cbslocal.com,Al Jawādīyah,"Girl Can't Help It, The"
982,Nickie,Neesam,nneesamr9@dropbox.com,Baler Baleagung,Heaven
983,Selie,Pawlaczyk,spawlaczykra@marketwatch.com,Biyan,Teen Spirit
984,Wolfy,Gadman,wgadmanrb@google.com.au,Yuqi,Garfield's Pet Force
985,Alla,Ceaplen,aceaplenrc@omniture.com,Yili,"Business of Fancydancing, The"
986,Lauretta,Hincham,lhinchamrd@amazon.com,Sicheng,"Bonheur, Le"
987,Karon,Gillanders,kgillandersre@businessweek.com,Goseong,Trapped in the Closet: Chapters 1-12
988,Troy,Lawlings,tlawlingsrf@bing.com,"Brgy. Nalook, kalibo",Renegades
989,Whitney,Eliyahu,weliyahurg@mtv.com,Alistráti,Tora-san Our Lovable Tramp (Otoko wa tsurai yo)
990,Claybourne,Suerz,csuerzrh@hostgator.com,Zhaoguli,Full Body Massage
991,Brennen,Bassingden,bbassingdenri@whitehouse.gov,Nangalimang,Stargate
992,Royce,Froschauer,rfroschauerrj@plala.or.jp,Weiyuankou,Words and Pictures
993,Constantino,Bartalot,cbartalotrk@webnode.com,Mingshui,Stella Maris
994,Vernen,Humphris,vhumphrisrl@seattletimes.com,Macapá,"Reeds, The"
995,Raffarty,Palle,rpallerm@flickr.com,Liangwa,"Loved One, The"
996,Anett,Mangenet,amangenetrn@zdnet.com,Long Thành,Nursery University
997,Frederick,McKerlie,fmckerliero@uol.com.br,Kayukembang,Citizen Cohn
998,Ediva,Kasper,ekasperrp@goodreads.com,Santa Cruz,Two Evil Eyes
999,Tiphany,Mecozzi,tmecozzirq@so-net.ne.jp,Nama,Jane Eyre
1000,Petrina,Klezmski,pklezmskirr@reference.com,La Roche-sur-Yon,Betrayed
